row_index,textual_label,pred_conf
2,neutral,0.7027458
10,negative,0.669455
14,neutral,0.7736814
16,neutral,0.7502594
23,neutral,0.7538075
25,negative,0.585423
52,neutral,0.7453636
57,neutral,0.57247806
69,neutral,0.6000319
84,positive,0.70367044
96,neutral,0.73700976
108,neutral,0.73826325
121,neutral,0.68687826
122,neutral,0.75528765
128,neutral,0.5511075
139,positive,0.4922312
140,positive,0.8800889
147,neutral,0.77397585
148,neutral,0.77632
149,negative,0.73765963
152,negative,0.48636603
186,neutral,0.57154596
191,neutral,0.65229166
192,neutral,0.57249177
193,negative,0.87113804
196,neutral,0.70501757
230,positive,0.6764308
235,neutral,0.7565751
237,positive,0.53641284
248,neutral,0.7692283
252,neutral,0.6323129
259,neutral,0.760721
267,negative,0.84306365
282,neutral,0.77747685
292,positive,0.9959254
299,neutral,0.7256387
300,negative,0.72016835
302,neutral,0.7107978
317,negative,0.5740054
330,positive,0.98820144
334,neutral,0.64236474
343,neutral,0.7634354
344,neutral,0.73301476
347,neutral,0.70621663
361,neutral,0.55560434
366,negative,0.5079861
368,negative,0.8319836
377,neutral,0.53427863
379,neutral,0.722187
380,neutral,0.7469679
381,neutral,0.6256708
386,neutral,0.5880614
390,neutral,0.61293
403,neutral,0.6045209
407,neutral,0.6678821
429,neutral,0.77024615
430,neutral,0.72183865
444,positive,0.8289359
452,neutral,0.6497023
462,positive,0.96547383
479,negative,0.5623706
481,neutral,0.78418225
487,neutral,0.7862585
494,neutral,0.7562686
506,positive,0.9801917
510,neutral,0.6910071
511,positive,0.9971523
524,positive,0.7518029
526,neutral,0.70160717
550,neutral,0.6452512
553,neutral,0.8233072
554,neutral,0.77954805
567,neutral,0.7826936
569,neutral,0.47488582
577,neutral,0.64388555
580,neutral,0.6901003
592,neutral,0.6525184
604,neutral,0.4930706
640,positive,0.6569525
646,neutral,0.7833241
656,neutral,0.63819903
664,neutral,0.5680496
670,positive,0.96815765
673,neutral,0.6819156
696,neutral,0.7615524
701,negative,0.50918245
703,positive,0.91939956
709,neutral,0.5011239
713,neutral,0.7525469
718,neutral,0.49628142
725,negative,0.47521946
726,neutral,0.5739354
730,neutral,0.52254593
746,neutral,0.8056467
750,neutral,0.58162963
753,neutral,0.6723262
757,neutral,0.5882137
769,positive,0.99112636
774,neutral,0.6685491
776,neutral,0.6330362
780,neutral,0.66860235
787,negative,0.6692837
789,neutral,0.49956635
792,neutral,0.762845
803,neutral,0.61543584
819,neutral,0.7249288
823,neutral,0.66197413
836,neutral,0.70330673
854,neutral,0.5892356
861,neutral,0.7317077
862,negative,0.75993127
863,neutral,0.76614046
874,neutral,0.5256157
886,positive,0.9248475
893,neutral,0.68056756
896,neutral,0.6176082
904,neutral,0.50924873
914,neutral,0.81015646
924,neutral,0.64754367
926,negative,0.7110978
938,neutral,0.7561997
950,negative,0.7235322
951,neutral,0.7076954
952,neutral,0.62424123
961,neutral,0.5474465
970,positive,0.7661048
973,neutral,0.754136
988,neutral,0.7436865
1009,neutral,0.71585643
1012,neutral,0.57609296
1032,neutral,0.7435217
1046,neutral,0.71026045
1048,neutral,0.7086417
1050,neutral,0.5164719
1061,neutral,0.6398274
1066,positive,0.5470478
1067,neutral,0.61935854
1072,positive,0.506748
1077,neutral,0.6601073
1086,neutral,0.7138838
1088,neutral,0.6441298
1094,neutral,0.4859501
1095,neutral,0.7135506
1097,neutral,0.77212083
1102,neutral,0.5965519
1104,neutral,0.7412636
1111,negative,0.59514797
1122,neutral,0.5473478
1129,neutral,0.7440574
1131,negative,0.50605977
1136,negative,0.70667106
1137,neutral,0.6894952
1140,positive,0.9973959
1142,negative,0.59359914
1151,neutral,0.58517176
1152,positive,0.98981744
1168,neutral,0.6240329
1169,neutral,0.52973783
1175,positive,0.6379754
1183,neutral,0.77541494
1187,negative,0.66425055
1192,neutral,0.531616
1212,neutral,0.51163834
1217,negative,0.657909
1226,neutral,0.77330077
1238,neutral,0.82740366
1243,neutral,0.67210615
1270,neutral,0.55375224
1278,neutral,0.736736
1279,neutral,0.7249173
1297,neutral,0.7758492
1299,neutral,0.6133853
1302,positive,0.9440577
1304,negative,0.83152443
1313,neutral,0.79941875
1317,neutral,0.7893686
1341,neutral,0.71468437
1353,neutral,0.654504
1359,neutral,0.7171441
1371,neutral,0.61697084
1373,neutral,0.65041
1379,neutral,0.7509672
1380,positive,0.6537813
1396,positive,0.65734464
1399,neutral,0.78407997
1400,neutral,0.7349136
1401,neutral,0.6332802
1404,neutral,0.63939404
1411,negative,0.7377215
1415,positive,0.8781628
1428,neutral,0.7276889
1431,negative,0.5248123
1434,positive,0.76476276
1439,positive,0.949455
1441,neutral,0.74391174
1444,neutral,0.72949004
1449,positive,0.57903755
1451,positive,0.8747692
1458,neutral,0.48468366
1463,negative,0.6574239
1468,neutral,0.71980834
1474,negative,0.77960974
1481,neutral,0.62378204
1496,neutral,0.70801187
1498,neutral,0.75120735
1508,neutral,0.7836806
1513,neutral,0.6447452
1528,neutral,0.675657
1537,neutral,0.6947736
1541,neutral,0.70019126
1542,neutral,0.67796546
1562,neutral,0.6654338
1579,neutral,0.6736459
1581,neutral,0.76520836
1585,negative,0.664241
1594,neutral,0.65147835
1595,positive,0.60276663
1598,neutral,0.7853077
1600,neutral,0.7908605
1602,negative,0.5720449
1605,neutral,0.6400524
1619,neutral,0.78885967
1626,positive,0.5001785
1629,neutral,0.72691095
1644,positive,0.56559324
1646,neutral,0.6168028
1667,neutral,0.60460997
1680,neutral,0.6215531
1684,neutral,0.57160914
1696,neutral,0.61996675
1697,neutral,0.7320145
1708,positive,0.6969272
1715,neutral,0.66073936
1724,neutral,0.6318726
1749,negative,0.4995376
1752,neutral,0.6605434
1755,neutral,0.789526
1758,neutral,0.7540392
1770,neutral,0.5926723
1780,neutral,0.7585543
1791,negative,0.71624017
1802,positive,0.98989797
1830,neutral,0.58172005
1839,neutral,0.7380661
1843,neutral,0.60713196
1864,negative,0.70362544
1872,neutral,0.65987843
1875,neutral,0.6395579
1890,positive,0.5651963
1893,neutral,0.81747836
1934,neutral,0.7688386
1939,neutral,0.73353416
1950,neutral,0.75108415
1955,neutral,0.75261754
1965,neutral,0.73690194
1969,positive,0.9719497
1971,negative,0.7988637
1989,neutral,0.47376338
1999,neutral,0.64542025
2014,neutral,0.750324
2030,neutral,0.46238515
2032,neutral,0.5863959
2033,neutral,0.66000736
2043,neutral,0.5452351
2048,positive,0.98356485
2053,negative,0.79955256
2062,neutral,0.7431027
2067,neutral,0.66896325
2073,neutral,0.55858254
2078,negative,0.77405536
2080,neutral,0.6845794
2081,neutral,0.6810759
2106,negative,0.7593202
2123,negative,0.7088171
2132,neutral,0.6909345
2146,neutral,0.7500196
2154,neutral,0.6555985
2156,neutral,0.6714335
2177,neutral,0.7611242
2181,negative,0.83704424
2201,neutral,0.8023571
2206,negative,0.71326184
2210,positive,0.63316476
2221,neutral,0.6894478
2225,positive,0.87565905
2229,neutral,0.74772763
2234,neutral,0.739218
2238,neutral,0.65885127
2241,neutral,0.641287
2242,neutral,0.7434555
2246,positive,0.9184709
2252,neutral,0.6134874
2255,neutral,0.48394078
2259,neutral,0.70355237
2264,neutral,0.69884115
2272,neutral,0.7809326
2279,neutral,0.6210408
2281,neutral,0.70079845
2293,negative,0.8103363
2295,neutral,0.6574909
2300,neutral,0.6751738
2302,neutral,0.64993465
2303,positive,0.8011263
2314,neutral,0.7007446
2316,positive,0.8242836
2317,positive,0.48218045
2324,positive,0.94784015
2329,neutral,0.75682956
2339,positive,0.627757
2343,neutral,0.76622427
2352,neutral,0.56092805
2356,neutral,0.77622867
2381,neutral,0.682895
2383,negative,0.73837537
2399,negative,0.53201705
2407,neutral,0.77346426
2410,neutral,0.47689208
2414,neutral,0.6342639
2421,negative,0.8558108
2427,neutral,0.70485646
2439,neutral,0.49615702
2453,neutral,0.6582741
2462,neutral,0.53164077
2466,negative,0.88935435
2468,neutral,0.72190964
2475,neutral,0.5974478
2488,neutral,0.48207542
2493,neutral,0.4938661
2504,neutral,0.69642234
2505,neutral,0.7848317
2524,neutral,0.74797064
2528,neutral,0.5007962
2529,neutral,0.62493485
2545,neutral,0.77245015
2554,neutral,0.6639512
2564,positive,0.9638244
2571,negative,0.8414864
2575,negative,0.7643548
2576,neutral,0.7391857
2580,neutral,0.57570785
2604,neutral,0.64619505
2627,neutral,0.66971076
2650,neutral,0.7922094
2668,positive,0.8838883
2670,neutral,0.6560071
2676,neutral,0.6894189
2685,neutral,0.51820636
2693,neutral,0.707316
2694,neutral,0.66791207
2703,neutral,0.7721272
2708,neutral,0.5784804
2714,neutral,0.6755495
2721,neutral,0.7942604
2723,neutral,0.780088
2724,neutral,0.5517494
2732,neutral,0.6817503
2733,positive,0.8049259
2746,neutral,0.58873785
2753,neutral,0.5709094
2764,negative,0.70929235
2767,neutral,0.5138614
2779,neutral,0.76003224
2780,neutral,0.64477414
2810,neutral,0.7354112
2819,neutral,0.5241345
2829,positive,0.99732083
2868,neutral,0.75444824
2881,negative,0.65361524
2887,positive,0.5389446
2897,negative,0.8023399
2901,neutral,0.48620594
2908,positive,0.9940619
2910,neutral,0.79195076
2914,neutral,0.5834345
2915,neutral,0.62800837
2928,neutral,0.6996317
2929,positive,0.75707954
2960,negative,0.58428127
2964,positive,0.9589468
2967,neutral,0.70484686
2972,negative,0.52718586
2986,negative,0.5223218
2999,neutral,0.7532566
3020,positive,0.9666842
3030,neutral,0.6105427
3072,neutral,0.5629032
3074,neutral,0.5687035
3082,negative,0.49731117
3087,neutral,0.72218645
3097,neutral,0.73698956
3098,positive,0.78566235
3132,neutral,0.7263176
3136,neutral,0.6973376
3141,neutral,0.7433968
3166,positive,0.9652766
3170,neutral,0.5370506
3174,neutral,0.75491124
3182,neutral,0.46678936
3195,negative,0.677028
3214,neutral,0.613659
3217,neutral,0.7361459
3236,neutral,0.7294366
3237,negative,0.66363394
3239,positive,0.9767978
3251,neutral,0.6707994
3255,positive,0.49841797
3257,neutral,0.65230143
3264,neutral,0.53635067
3265,neutral,0.6210947
3266,negative,0.6122705
3275,neutral,0.6022526
3276,neutral,0.7266735
3279,neutral,0.6758522
3285,neutral,0.64143443
3311,neutral,0.5630545
3318,negative,0.5019918
3330,negative,0.82027483
3331,neutral,0.6476034
3342,neutral,0.69615406
3364,neutral,0.76195246
3366,negative,0.79796624
3379,positive,0.5767953
3383,negative,0.5116836
3386,neutral,0.77043235
3388,negative,0.5141685
3393,neutral,0.6750268
3397,neutral,0.69681877
3400,neutral,0.7000305
3411,neutral,0.6457441
3415,positive,0.9923167
3423,neutral,0.6919184
3427,neutral,0.69553727
3433,positive,0.99329174
3452,neutral,0.7913366
3481,negative,0.5692222
3487,neutral,0.5548082
3510,neutral,0.573675
3516,negative,0.5820319
3523,negative,0.50981414
3561,neutral,0.7100641
3563,neutral,0.77783716
3567,positive,0.97947854
3568,negative,0.6075211
3572,neutral,0.64457494
3575,neutral,0.5614159
3577,positive,0.76099914
3578,neutral,0.7406726
3579,negative,0.63843614
3600,neutral,0.7089521
3603,negative,0.6021345
3616,neutral,0.77327645
3623,neutral,0.67416084
3627,neutral,0.66607374
3644,neutral,0.6403888
3647,neutral,0.5179367
3652,neutral,0.76363313
3653,neutral,0.6163456
3654,neutral,0.66950923
3655,neutral,0.67968625
3656,negative,0.49443924
3662,positive,0.6404511
3678,neutral,0.7206475
3679,neutral,0.5241017
3684,neutral,0.6745679
3686,positive,0.82688797
3704,neutral,0.62581134
3713,positive,0.54677856
3719,negative,0.6022377
3730,neutral,0.71442354
3734,neutral,0.74612916
3753,positive,0.6775141
3755,negative,0.584627
3757,neutral,0.5918254
3759,neutral,0.7781685
3785,neutral,0.7495409
3802,neutral,0.619685
3807,neutral,0.5574597
3826,neutral,0.795637
3829,neutral,0.6347718
3831,neutral,0.5128053
3843,neutral,0.782917
3858,neutral,0.6507095
3866,neutral,0.7885081
3870,neutral,0.806885
3871,neutral,0.7843864
3878,neutral,0.62380165
3882,neutral,0.73615485
3892,neutral,0.7743496
3893,neutral,0.4833083
3901,neutral,0.6094885
3918,neutral,0.55740553
3921,positive,0.9771649
3922,neutral,0.70806885
3924,neutral,0.7116796
3933,neutral,0.7746017
3939,positive,0.85206664
3947,neutral,0.5855343
3950,neutral,0.55027556
3952,neutral,0.6337801
3975,neutral,0.5257729
3976,neutral,0.80813515
3980,negative,0.5768922
3981,neutral,0.7765327
3991,neutral,0.7332981
3992,neutral,0.7199868
4004,neutral,0.53938794
4025,neutral,0.49907464
4026,neutral,0.579734
4035,negative,0.7823849
4041,neutral,0.6671269
4046,neutral,0.67632437
4051,negative,0.7874809
4065,neutral,0.7634315
4068,neutral,0.6208505
4079,neutral,0.713959
4086,neutral,0.67987543
4087,neutral,0.72161394
4095,neutral,0.7596552
4099,neutral,0.671308
4101,neutral,0.75252837
4105,negative,0.70425695
4107,negative,0.5461355
4130,positive,0.9907857
4131,neutral,0.56164175
4151,neutral,0.6343768
4161,neutral,0.8167946
4174,neutral,0.55794644
4177,neutral,0.5808772
4230,positive,0.9849433
4239,neutral,0.7543703
4242,neutral,0.497038
4268,positive,0.97402227
4276,neutral,0.5220434
4279,negative,0.5492275
4282,neutral,0.6708334
4283,neutral,0.7260112
4286,neutral,0.69382614
4293,neutral,0.6056504
4295,negative,0.6129683
4304,neutral,0.72132593
4306,neutral,0.72950685
4312,neutral,0.6535895
4315,neutral,0.5253287
4316,neutral,0.74337184
4344,positive,0.89601386
4370,positive,0.85990524
4373,positive,0.90257686
4379,neutral,0.7029017
4388,neutral,0.7786953
4401,negative,0.59044844
4402,neutral,0.6435212
4407,negative,0.8924674
4419,neutral,0.68748105
4422,positive,0.5006722
4430,negative,0.5071416
4435,neutral,0.77473605
4436,neutral,0.6868763
4455,neutral,0.5970561
4457,neutral,0.71012676
4460,positive,0.807185
4461,neutral,0.6405448
4474,neutral,0.6565587
4487,positive,0.95583755
4490,negative,0.7477094
4492,neutral,0.6728641
4517,neutral,0.7794731
4521,neutral,0.7460581
4523,neutral,0.48456404
4528,positive,0.89323497
4539,negative,0.78733593
4548,neutral,0.64434284
4549,positive,0.9903377
4555,neutral,0.7592237
4574,negative,0.51799804
4583,positive,0.9924596
4584,positive,0.54154795
4612,neutral,0.55263937
4613,neutral,0.7837276
4618,neutral,0.7787385
4620,negative,0.49568394
4640,neutral,0.6933384
4642,neutral,0.54592144
4646,negative,0.5395162
4658,positive,0.9615303
4661,positive,0.9368725
4664,neutral,0.6234713
4668,neutral,0.6921382
4673,positive,0.8726696
4675,neutral,0.7356077
4686,neutral,0.76215494
4711,negative,0.75236297
4715,neutral,0.7653602
4718,neutral,0.57941675
4719,positive,0.4936796
4724,positive,0.95552623
4747,neutral,0.71643496
4755,neutral,0.7980706
4766,positive,0.8424376
4771,negative,0.48899287
4773,neutral,0.7997782
4791,neutral,0.648128
4819,neutral,0.52953124
4821,neutral,0.7443075
4832,neutral,0.6951984
4841,neutral,0.81478155
4844,negative,0.7797973
4848,neutral,0.58623487
4851,neutral,0.66553384
4874,neutral,0.63615054
4882,neutral,0.6533647
4890,positive,0.9772512
4895,neutral,0.73786247
4903,negative,0.54707766
4905,neutral,0.715866
4911,negative,0.7695442
4913,neutral,0.67162305
4925,negative,0.62238395
4932,neutral,0.5677356
4943,neutral,0.70054287
4945,neutral,0.75195026
4951,negative,0.68878776
4960,neutral,0.6509425
4969,positive,0.4711102
4972,neutral,0.38556513
4979,negative,0.63543874
5007,neutral,0.6516415
5008,neutral,0.6402046
5019,neutral,0.77201384
5025,negative,0.63903177
5027,negative,0.48609865
5037,negative,0.80382127
5046,neutral,0.69134325
5051,neutral,0.75193495
5052,neutral,0.7946442
5056,neutral,0.64295083
5059,neutral,0.7146715
5061,neutral,0.6219592
5077,positive,0.9884821
5085,negative,0.55801797
5088,negative,0.56447095
5107,neutral,0.5258529
5109,positive,0.48679754
5110,neutral,0.4748108
5118,neutral,0.62832
5150,neutral,0.8068625
5159,negative,0.7752859
5160,neutral,0.5299185
5165,negative,0.6961195
5184,neutral,0.6521496
5192,neutral,0.74271685
5196,neutral,0.6656232
5209,neutral,0.6248287
5220,positive,0.9396393
5231,neutral,0.753582
5233,negative,0.54179424
5234,neutral,0.7616338
5250,neutral,0.5648303
5260,neutral,0.6075155
5270,neutral,0.5420228
5302,neutral,0.4910288
5309,neutral,0.62534815
5317,positive,0.9907079
5321,positive,0.9958741
5322,neutral,0.75656474
5323,neutral,0.7734947
5331,neutral,0.66608447
5333,neutral,0.49177122
5345,neutral,0.80203986
5347,neutral,0.5598934
5349,negative,0.5767923
5351,neutral,0.6652762
5364,negative,0.6057945
5368,neutral,0.73063064
5381,neutral,0.6152138
5392,neutral,0.7581534
5410,positive,0.8248924
5414,neutral,0.61149406
5421,neutral,0.7273706
5422,neutral,0.5449816
5428,neutral,0.587422
5433,positive,0.98479664
5446,neutral,0.7194465
5448,neutral,0.49492374
5464,neutral,0.7651205
5472,neutral,0.7584972
5479,negative,0.7458636
5480,neutral,0.74636126
5486,neutral,0.7103427
5488,neutral,0.58751357
5492,neutral,0.56971747
5493,neutral,0.6780259
5494,neutral,0.5831457
5498,neutral,0.6608257
5501,negative,0.5428207
5508,negative,0.894192
5512,negative,0.6958723
5513,neutral,0.7056723
5515,positive,0.97155344
5533,neutral,0.627786
5537,neutral,0.76765186
5539,neutral,0.571593
5541,neutral,0.7725935
5545,neutral,0.61502004
5551,positive,0.9042196
5563,neutral,0.49629438
5565,negative,0.58616465
5570,negative,0.498268
5577,neutral,0.7698445
5579,neutral,0.6525801
5582,neutral,0.7782148
5587,neutral,0.7243331
5589,neutral,0.7607576
5594,neutral,0.79777324
5598,neutral,0.6998358
5599,positive,0.7247878
5600,positive,0.87549096
5601,neutral,0.50770515
5606,negative,0.5429121
5628,neutral,0.7473949
5633,neutral,0.6247421
5639,neutral,0.7679213
5642,negative,0.51062495
5664,neutral,0.73402756
5666,neutral,0.73464113
5669,neutral,0.565144
5673,neutral,0.69747573
5676,negative,0.6531067
5677,neutral,0.786146
5685,neutral,0.6368135
5690,neutral,0.6960772
5695,neutral,0.7699723
5696,neutral,0.57659763
5704,neutral,0.69185555
5708,neutral,0.72983193
5719,neutral,0.5447234
5728,neutral,0.6858014
5732,neutral,0.73692715
5755,neutral,0.6872161
5757,neutral,0.67833287
5762,neutral,0.7476414
5789,positive,0.56207585
5802,neutral,0.64605945
5820,neutral,0.7143707
5832,negative,0.73616207
5833,neutral,0.7019756
5835,neutral,0.7277928
5844,neutral,0.7731811
5846,neutral,0.76789236
5873,neutral,0.4932089
5889,neutral,0.70799
5895,neutral,0.57546186
5898,neutral,0.7496238
5902,neutral,0.5246652
5913,neutral,0.55094016
5917,neutral,0.6893413
5920,positive,0.7104012
5934,neutral,0.6696616
5959,neutral,0.75657034
5971,negative,0.68092006
5977,neutral,0.64614654
5987,neutral,0.71592814
5988,neutral,0.5593136
5990,neutral,0.764383
5996,neutral,0.7258046
6011,neutral,0.5894036
6019,neutral,0.77156985
6020,neutral,0.6943213
6024,positive,0.9913276
6032,neutral,0.4836204
6035,positive,0.73464906
6043,negative,0.8838837
6060,neutral,0.56539136
6065,negative,0.5820867
6072,positive,0.9654845
6077,neutral,0.5599235
6081,neutral,0.76835144
6087,neutral,0.7403838
6088,neutral,0.70585066
6090,neutral,0.5212043
6091,positive,0.9744708
6111,neutral,0.52645934
6127,positive,0.76624274
6129,negative,0.7844384
6155,neutral,0.7817826
6161,neutral,0.611359
6169,neutral,0.59822726
6171,neutral,0.6859872
6180,neutral,0.78681314
6204,neutral,0.7129807
6215,neutral,0.7507548
6227,neutral,0.7382217
6234,negative,0.7702618
6248,positive,0.9937801
6253,positive,0.8050326
6262,negative,0.8200054
6266,neutral,0.7578993
6275,neutral,0.7427008
6290,neutral,0.68134844
6293,neutral,0.71262497
6299,neutral,0.7329783
6317,neutral,0.71260923
6324,negative,0.49245727
6325,neutral,0.6796062
6331,neutral,0.64007
6334,neutral,0.49679458
6347,positive,0.45885152
6364,negative,0.7267
6385,neutral,0.70645773
6391,neutral,0.72524256
6394,neutral,0.7183093
6423,negative,0.5935632
6430,positive,0.6735052
6431,neutral,0.6626996
6433,neutral,0.64639
6446,neutral,0.70469636
6458,negative,0.77950203
6459,neutral,0.61762524
6476,neutral,0.77766526
6479,neutral,0.6196313
6485,positive,0.5721958
6505,neutral,0.70530945
6511,neutral,0.6346318
6535,positive,0.99497163
6549,neutral,0.7234746
6557,neutral,0.50530434
6564,neutral,0.5345296
6579,neutral,0.64550227
6583,neutral,0.78135234
6586,neutral,0.5516938
6596,neutral,0.66122365
6613,neutral,0.70866513
6616,negative,0.740101
6621,neutral,0.4472341
6626,neutral,0.75369275
6648,neutral,0.6719272
6654,neutral,0.71659446
6657,positive,0.99404055
6661,negative,0.48631832
6662,neutral,0.6167942
6672,positive,0.6363223
6710,negative,0.6533195
6716,neutral,0.5425726
6731,neutral,0.6497009
6772,neutral,0.70855075
6773,negative,0.43425527
6790,positive,0.59858084
6793,neutral,0.5520082
6823,positive,0.99629444
6850,positive,0.670847
6870,neutral,0.7739539
6877,neutral,0.7346916
6894,neutral,0.6822309
6897,negative,0.5473174
6909,neutral,0.7696443
6911,neutral,0.62367934
6918,neutral,0.5290998
6922,positive,0.99678975
6927,neutral,0.718095
6928,neutral,0.7231054
6948,neutral,0.76379013
6951,neutral,0.5793588
6957,neutral,0.7867427
6962,negative,0.5148451
6967,positive,0.99423766
6968,negative,0.5300295
6971,positive,0.5041419
6976,neutral,0.70019305
6982,neutral,0.66066784
6983,positive,0.66560817
6993,neutral,0.75734365
6996,positive,0.625432
7024,neutral,0.74448854
7039,neutral,0.48890132
7041,neutral,0.7160597
7042,neutral,0.47788048
7047,neutral,0.69501257
7055,neutral,0.751248
7061,negative,0.6661673
7073,negative,0.9050241
7083,neutral,0.67122185
7086,neutral,0.4883163
7089,neutral,0.5832383
7123,neutral,0.76346964
7128,neutral,0.66123486
7130,neutral,0.76662695
7172,neutral,0.68722546
7189,negative,0.75932926
7214,neutral,0.7937794
7220,positive,0.6816628
7232,positive,0.7135873
7233,neutral,0.4967264
7235,neutral,0.76957166
7236,neutral,0.70165145
7239,neutral,0.6825452
7241,negative,0.82800967
7275,negative,0.733301
7281,positive,0.7918363
7304,neutral,0.5873241
7307,neutral,0.64571714
7310,neutral,0.6380013
7312,neutral,0.4897267
7327,positive,0.9881373
7331,neutral,0.7700729
7333,positive,0.5595472
7338,neutral,0.7117048
7341,neutral,0.5418448
7347,neutral,0.52825475
7352,neutral,0.5577001
7369,neutral,0.66344774
7375,positive,0.61263317
7380,neutral,0.63254595
7393,neutral,0.78095764
7395,neutral,0.7535765
7398,neutral,0.51324284
7405,neutral,0.75082844
7411,neutral,0.65405047
7414,neutral,0.6853557
7415,neutral,0.6109931
7421,neutral,0.68095756
7426,neutral,0.68481886
7432,neutral,0.5150216
7454,neutral,0.59979236
7474,neutral,0.46792084
7475,neutral,0.6280949
7476,neutral,0.74961203
7494,neutral,0.5688629
7497,neutral,0.65144664
7501,positive,0.73715806
7502,neutral,0.5989556
7534,positive,0.6139128
7535,neutral,0.5654511
7540,neutral,0.80032593
7541,neutral,0.76780564
7555,neutral,0.6478106
7559,neutral,0.74130774
7573,neutral,0.7119018
7577,neutral,0.72225314
7583,neutral,0.73080534
7591,neutral,0.60994023
7592,positive,0.9850796
7596,neutral,0.6992804
7622,neutral,0.6968678
7630,neutral,0.6993971
7640,positive,0.8979008
7647,positive,0.5267393
7648,neutral,0.68468094
7653,negative,0.6910593
7656,neutral,0.56171477
7659,negative,0.663064
7661,neutral,0.6157177
7664,negative,0.5736006
7665,neutral,0.5505449
7687,positive,0.9425991
7698,neutral,0.67761713
7699,neutral,0.5996498
7706,neutral,0.67179066
7711,negative,0.49357492
7716,negative,0.68989736
7726,negative,0.6898081
7733,neutral,0.5291314
7753,neutral,0.56388426
7763,neutral,0.5348465
7767,positive,0.95895296
7769,neutral,0.66488236
7773,negative,0.5897575
7785,neutral,0.41838434
7800,negative,0.677542
7822,negative,0.68465954
7836,neutral,0.59612787
7852,negative,0.6134639
7858,neutral,0.62771446
7866,negative,0.48771703
7871,positive,0.9713987
7903,neutral,0.6594237
7926,neutral,0.70339483
7930,negative,0.47488698
7934,neutral,0.68145394
7935,neutral,0.653391
7941,neutral,0.6759567
7949,neutral,0.77524596
7951,positive,0.69906634
7962,negative,0.59714633
7966,neutral,0.7108398
7969,neutral,0.7801899
7983,positive,0.65645754
7998,neutral,0.7377495
8006,negative,0.84197366
8015,neutral,0.5758599
8029,neutral,0.59411234
8031,positive,0.5620847
8032,negative,0.4907982
8033,positive,0.77714175
8038,neutral,0.576953
8040,positive,0.6441145
8050,neutral,0.6507463
8052,neutral,0.5857767
8053,neutral,0.7134751
8058,positive,0.62048596
8062,negative,0.59484833
8064,negative,0.801214
8065,negative,0.518967
8073,neutral,0.7426567
8075,negative,0.7981874
8078,neutral,0.7621304
8079,negative,0.50150734
8080,positive,0.8086713
8091,neutral,0.7664578
8099,negative,0.51556426
8107,neutral,0.71627533
8115,neutral,0.5265431
8118,neutral,0.62482667
8121,neutral,0.76076084
8122,positive,0.6886892
8142,neutral,0.5259065
8155,neutral,0.5580376
8165,neutral,0.7058364
8168,neutral,0.7706661
8175,neutral,0.68255234
8180,negative,0.7402831
8182,positive,0.9763634
8183,neutral,0.5945881
8185,neutral,0.61427283
8188,neutral,0.6090946
8208,neutral,0.57341534
8213,neutral,0.6499097
8216,neutral,0.5311544
8221,neutral,0.6524461
8222,neutral,0.62602234
8227,negative,0.6767007
8230,neutral,0.61003673
8262,neutral,0.7813464
8266,negative,0.70985264
8272,neutral,0.5960745
8276,neutral,0.7478916
8287,neutral,0.740311
8291,negative,0.49125808
8299,neutral,0.77253723
8317,neutral,0.48825344
8323,negative,0.6114862
8324,neutral,0.4891254
8325,neutral,0.63722235
8332,neutral,0.72388124
8345,neutral,0.55495965
8358,negative,0.6245289
8366,neutral,0.71233636
8371,neutral,0.6516866
8374,negative,0.8271775
8378,neutral,0.5484105
8382,neutral,0.721238
8389,neutral,0.6837783
8393,positive,0.83909774
8397,neutral,0.7438359
8422,negative,0.49750206
8438,neutral,0.73410326
8448,positive,0.9246496
8464,neutral,0.63252246
8487,neutral,0.662885
8496,neutral,0.6656344
8506,neutral,0.71782994
8507,negative,0.49847627
8513,neutral,0.72194475
8514,neutral,0.69735134
8515,neutral,0.7425712
8516,negative,0.5151189
8517,neutral,0.6910986
8527,negative,0.5732599
8530,neutral,0.70662105
8539,neutral,0.7329456
8541,neutral,0.6806756
8543,neutral,0.7277263
8550,positive,0.80552787
8556,neutral,0.7153047
8564,neutral,0.7923713
8568,neutral,0.7709919
8572,neutral,0.7583119
8587,neutral,0.45152703
8590,neutral,0.5459714
8604,neutral,0.740961
8611,neutral,0.7273941
8612,neutral,0.6625306
8613,neutral,0.7377155
8628,negative,0.5922199
8634,neutral,0.7297948
8637,negative,0.51856244
8639,negative,0.77062297
8643,positive,0.6936858
8644,positive,0.57884645
8649,neutral,0.6204823
8653,neutral,0.61233747
8676,neutral,0.8096917
8702,neutral,0.78286946
8704,negative,0.63308334
8709,negative,0.5402681
8736,neutral,0.67592156
8749,neutral,0.7126203
8767,neutral,0.48226988
8782,neutral,0.5118709
8802,neutral,0.7842844
8803,positive,0.9819833
8809,neutral,0.7631266
8828,neutral,0.56912386
8832,neutral,0.7480717
8838,neutral,0.6315514
8851,neutral,0.4870975
8854,neutral,0.7726222
8867,neutral,0.59662837
8868,neutral,0.77592766
8869,neutral,0.7696647
8885,neutral,0.6905149
8907,neutral,0.78414094
8911,neutral,0.64419955
8914,positive,0.90560216
8921,positive,0.9979588
8924,neutral,0.7581534
8932,neutral,0.6467823
8949,neutral,0.68187696
8954,negative,0.7620212
8970,neutral,0.76156646
8977,neutral,0.6433969
8980,neutral,0.59185183
8987,neutral,0.49958527
8989,negative,0.51757926
9038,negative,0.82370543
9041,neutral,0.7769497
9044,positive,0.9211148
9061,negative,0.55538076
9071,neutral,0.69520044
9078,positive,0.64763004
9083,neutral,0.53911126
9095,neutral,0.5638263
9102,neutral,0.5729002
9104,neutral,0.7110121
9116,neutral,0.5853807
9119,neutral,0.62478393
9134,negative,0.87609303
9141,neutral,0.5532651
9144,neutral,0.67029643
9146,neutral,0.6747345
9150,neutral,0.7020051
9152,neutral,0.5132408
9168,positive,0.96243405
9173,positive,0.857626
9174,neutral,0.5344389
9175,negative,0.7450965
9178,negative,0.8722648
9180,neutral,0.64171374
9183,neutral,0.7231699
9184,positive,0.976698
9199,neutral,0.7601944
9200,negative,0.48878676
9202,positive,0.8489877
9203,neutral,0.77154934
9216,neutral,0.55149823
9219,neutral,0.6643545
9227,neutral,0.51333004
9232,positive,0.9812313
9233,neutral,0.72454447
9240,neutral,0.5675226
9251,neutral,0.7371768
9254,neutral,0.55842346
9263,neutral,0.7799012
9278,neutral,0.6210519
9285,neutral,0.52138513
9295,neutral,0.57217526
9308,neutral,0.70155877
9316,neutral,0.7426483
9326,negative,0.8946501
9331,negative,0.53068733
9355,positive,0.52257895
9358,neutral,0.722108
9370,neutral,0.5885121
9390,positive,0.9067139
9401,negative,0.50467676
9408,neutral,0.4986588
9416,negative,0.59958726
9428,neutral,0.6517269
9430,neutral,0.53308076
9433,positive,0.9650182
9437,neutral,0.77953637
9452,neutral,0.67415434
9459,neutral,0.675231
9466,neutral,0.6792041
9469,neutral,0.6894086
9478,positive,0.66417223
9479,neutral,0.58091855
9494,negative,0.6022806
9498,neutral,0.7228666
9501,neutral,0.7788877
9502,neutral,0.7140812
9507,neutral,0.56300217
9511,neutral,0.6017705
9518,positive,0.7378081
9526,neutral,0.6665929
9542,neutral,0.5677793
9544,neutral,0.7472442
9546,positive,0.9956742
9550,neutral,0.6527292
9559,neutral,0.63304037
9566,neutral,0.65628886
9575,neutral,0.7862304
9582,neutral,0.740343
9585,negative,0.73381466
9593,negative,0.6122436
9606,neutral,0.6936287
9614,neutral,0.7992337
9616,neutral,0.50466704
9621,neutral,0.6814684
9637,neutral,0.7894458
9648,neutral,0.7387536
9655,neutral,0.66250527
9666,neutral,0.6709628
9676,neutral,0.6270386
9677,neutral,0.67599374
9678,neutral,0.77007884
9681,neutral,0.53584915
9692,neutral,0.584675
9726,neutral,0.60040766
9748,neutral,0.7415799
9752,neutral,0.51605815
9759,neutral,0.8116551
9771,neutral,0.6575242
9782,positive,0.7765303
9784,neutral,0.7738114
9787,neutral,0.710176
9802,positive,0.75273395
9815,neutral,0.5584748
9817,neutral,0.4628694
9831,neutral,0.7386757
9859,negative,0.6620504
9874,neutral,0.61405337
9887,neutral,0.61551225
9893,neutral,0.5507348
9905,negative,0.74892914
9906,neutral,0.6529056
9912,negative,0.69197357
9917,neutral,0.54003596
9918,neutral,0.6329831
9934,neutral,0.8049272
9940,neutral,0.5691349
9941,negative,0.6552961
9951,neutral,0.56254417
9956,neutral,0.7406687
9958,neutral,0.65698653
9970,positive,0.99752
9977,neutral,0.7986027
9981,neutral,0.5682798
9994,neutral,0.6289327
9996,negative,0.7225296
10001,neutral,0.53228
10020,negative,0.49527854
10026,neutral,0.8184566
10038,neutral,0.60468584
10044,neutral,0.49492234
10045,positive,0.9921085
10046,neutral,0.5099188
10053,neutral,0.82751966
10059,neutral,0.5305393
10063,positive,0.9935254
10068,negative,0.82675105
10074,neutral,0.71511877
10081,negative,0.633289
10086,negative,0.80996066
10088,neutral,0.7113817
10091,neutral,0.61725855
10101,neutral,0.75131595
10103,neutral,0.5642935
10121,negative,0.6304034
10125,negative,0.6979414
10132,neutral,0.5214627
10159,neutral,0.7400442
10161,neutral,0.6790206
10174,neutral,0.59881115
10180,neutral,0.7102316
10188,neutral,0.49922088
10193,neutral,0.7690029
10197,neutral,0.5496732
10220,positive,0.8004959
10227,positive,0.5976442
10228,neutral,0.70455617
10233,neutral,0.7261784
10252,neutral,0.61474264
10253,neutral,0.61419797
10255,neutral,0.71012074
10260,negative,0.5532032
10270,negative,0.58002514
10272,negative,0.55108374
10274,neutral,0.7261818
10289,negative,0.5859609
10294,neutral,0.7381221
10322,neutral,0.7179909
10329,neutral,0.7528161
10343,neutral,0.67135286
10351,positive,0.97210014
10356,neutral,0.776718
10377,neutral,0.6503966
10378,positive,0.8553241
10384,neutral,0.59539086
10386,positive,0.92141336
10402,neutral,0.7021112
10407,neutral,0.59507877
10416,neutral,0.6285092
10417,neutral,0.59357136
10430,neutral,0.792844
10458,neutral,0.6712518
10467,negative,0.52511334
10493,neutral,0.70694673
10519,neutral,0.74885374
10528,negative,0.6369533
10542,negative,0.6707557
10544,neutral,0.7423438
10545,neutral,0.4918771
10563,negative,0.7194068
10569,neutral,0.72622496
10573,neutral,0.5644289
10583,neutral,0.6330789
10588,negative,0.4578088
10596,neutral,0.7440595
10599,neutral,0.73209184
10600,negative,0.5682258
10615,positive,0.98863167
10624,negative,0.87275356
10631,negative,0.4918623
10647,neutral,0.8247173
10652,positive,0.7773077
10673,negative,0.53764534
10695,positive,0.96014076
10708,neutral,0.5796034
10717,neutral,0.73384964
10736,negative,0.5161643
10755,neutral,0.6782886
10772,negative,0.79709667
10775,neutral,0.7316185
10781,neutral,0.7572565
10809,neutral,0.677799
10819,neutral,0.482897
10827,neutral,0.59217006
10830,positive,0.9548267
10832,neutral,0.58005923
10846,neutral,0.7896849
10872,negative,0.5932248
10889,neutral,0.6897557
10907,neutral,0.62258625
10920,neutral,0.7990213
10938,negative,0.73137903
10950,neutral,0.6994078
10951,neutral,0.6397121
10957,neutral,0.7956122
10962,neutral,0.6019989
10980,neutral,0.7091365
10985,neutral,0.507775
10993,neutral,0.6491675
11004,neutral,0.6807304
11014,neutral,0.77904683
11015,neutral,0.51988864
11016,neutral,0.6517712
11034,neutral,0.741632
11035,negative,0.5133111
11036,neutral,0.68697006
11038,neutral,0.66847146
11043,neutral,0.7353585
11044,neutral,0.54597396
11047,neutral,0.78967965
11048,neutral,0.561153
11052,neutral,0.53894323
11068,neutral,0.5161907
11071,neutral,0.68138874
11083,positive,0.51104194
11089,neutral,0.68844503
11097,neutral,0.626815
11098,neutral,0.74415284
11107,neutral,0.64067453
11110,neutral,0.7687605
11112,neutral,0.5829062
11116,neutral,0.6625974
11118,negative,0.84656084
11134,neutral,0.6705329
11137,neutral,0.63305724
11148,neutral,0.68125486
11184,neutral,0.65046775
11186,neutral,0.70554537
11193,neutral,0.6122773
11195,negative,0.49397296
11200,negative,0.7016574
11216,neutral,0.6386637
11218,neutral,0.6181199
11222,neutral,0.74259233
11226,positive,0.7055262
11231,neutral,0.76202184
11239,neutral,0.661164
11242,neutral,0.5578763
11250,neutral,0.5815179
11253,negative,0.5133355
11263,positive,0.76694876
11279,neutral,0.66417843
11290,neutral,0.7025056
11307,neutral,0.7753023
11308,neutral,0.62958527
11310,neutral,0.5930979
11313,neutral,0.5479487
11314,neutral,0.791571
11315,neutral,0.805258
11316,neutral,0.7754674
11328,positive,0.9623321
11333,neutral,0.74970114
11339,neutral,0.5325171
11369,neutral,0.72465426
11380,neutral,0.77036333
11390,neutral,0.50738376
11405,neutral,0.6511167
11407,positive,0.59579647
11411,negative,0.80885744
11448,neutral,0.7563215
11459,negative,0.644122
11466,neutral,0.80992526
11471,positive,0.6848597
11479,neutral,0.74354744
11480,neutral,0.78633946
11492,neutral,0.50154585
11493,positive,0.99341005
11494,neutral,0.7545505
11497,neutral,0.6921692
11518,neutral,0.50412256
11531,neutral,0.76792216
11551,neutral,0.53786767
11555,neutral,0.7649832
11571,neutral,0.770967
11584,neutral,0.5053237
11586,neutral,0.7190009
11588,negative,0.5431435
11596,neutral,0.71485573
11599,neutral,0.5749265
11605,neutral,0.7782765
11613,neutral,0.7098741
11645,neutral,0.75494885
11651,positive,0.8959415
11663,neutral,0.5742776
11669,neutral,0.47830245
11679,neutral,0.60759264
11684,neutral,0.75814587
11686,neutral,0.5839905
11691,neutral,0.74675685
11708,negative,0.5323831
11712,neutral,0.6756751
11720,positive,0.5109426
11723,neutral,0.7155579
11726,neutral,0.5701742
11727,neutral,0.67338294
11732,neutral,0.7253272
11733,neutral,0.5197451
11737,neutral,0.53509516
11776,positive,0.98643523
11777,neutral,0.7646194
11780,positive,0.99699867
11783,positive,0.55808645
11784,neutral,0.5299773
11785,neutral,0.7459109
11788,positive,0.79330546
11796,positive,0.641181
11797,positive,0.7508708
11803,neutral,0.68298316
11808,negative,0.57309043
11814,neutral,0.7165815
11816,neutral,0.6405014
11826,neutral,0.7255415
11831,neutral,0.5577483
11840,neutral,0.5294025
11842,positive,0.84786284
11846,neutral,0.7566817
11857,neutral,0.70947087
11860,neutral,0.7760194
11866,neutral,0.57386774
11868,positive,0.60787505
11886,neutral,0.7331104
11887,positive,0.673299
11895,neutral,0.4869855
11896,neutral,0.62167925
11900,negative,0.7985675
11907,neutral,0.77158904
11913,neutral,0.7260218
11915,neutral,0.68379945
11920,neutral,0.7569125
11928,positive,0.9915764
11933,neutral,0.58505225
11950,neutral,0.70327014
11951,neutral,0.7952023
11955,neutral,0.7398478
11976,positive,0.94863963
11992,neutral,0.590328
11994,neutral,0.44481587
12003,neutral,0.6337474
12012,negative,0.5735765
12026,neutral,0.67140263
12029,neutral,0.6979282
12030,neutral,0.6676146
12035,neutral,0.79499537
12042,positive,0.93441844
12043,neutral,0.7417253
12045,neutral,0.77868253
12049,neutral,0.67239743
12065,neutral,0.5394919
12066,neutral,0.75900894
12068,neutral,0.75920254
12069,neutral,0.76784223
12071,positive,0.97038
12074,neutral,0.48318312
12090,neutral,0.76922345
12103,neutral,0.53418
12114,neutral,0.68598044
12116,positive,0.82740104
12120,neutral,0.6743744
12122,negative,0.55784446
12123,neutral,0.503701
12131,neutral,0.7152572
12132,neutral,0.67577124
12152,neutral,0.658462
12155,positive,0.49676216
12156,positive,0.5026604
12157,negative,0.80560976
12164,neutral,0.6490511
12177,negative,0.65549177
12178,neutral,0.69206357
12205,neutral,0.63827205
12218,negative,0.92246985
12219,neutral,0.76433694
12223,neutral,0.7295857
12225,negative,0.6261811
12233,neutral,0.5908206
12251,neutral,0.7179201
12255,neutral,0.5603538
12264,neutral,0.7570914
12275,neutral,0.5284067
12284,positive,0.5835865
12297,neutral,0.76688004
12328,neutral,0.76379484
12330,neutral,0.62211144
12347,neutral,0.7297714
12349,neutral,0.57048345
12352,neutral,0.7044413
12369,neutral,0.51171184
12375,neutral,0.6428924
12377,negative,0.51622677
12382,neutral,0.65872777
12384,negative,0.70893264
12408,neutral,0.5958502
12412,negative,0.8284617
12427,negative,0.71331376
12428,neutral,0.60969156
12431,neutral,0.6245603
12433,neutral,0.7836169
12434,neutral,0.73929363
12435,positive,0.96495396
12438,neutral,0.57366467
12439,neutral,0.73506284
12445,neutral,0.7233974
12448,neutral,0.7725677
12459,positive,0.99244446
12470,positive,0.64617586
12479,neutral,0.6291165
12506,neutral,0.6838826
12507,positive,0.85087705
12509,neutral,0.5938104
12521,neutral,0.6860435
12524,positive,0.96136945
12537,negative,0.5569729
12540,neutral,0.7282736
12545,positive,0.91262877
12571,neutral,0.72823197
12578,neutral,0.59660834
12585,negative,0.47987914
12589,neutral,0.5788769
12599,neutral,0.5925841
12600,neutral,0.5954218
12602,neutral,0.692334
12604,negative,0.7018731
12613,negative,0.6679766
12615,positive,0.47557423
12636,neutral,0.7700963
12652,neutral,0.7592685
12656,negative,0.7545805
12667,neutral,0.6577177
12671,neutral,0.77882975
12674,neutral,0.7164078
12684,neutral,0.6546853
12689,neutral,0.80663973
12694,neutral,0.6583206
12698,neutral,0.76572907
12703,neutral,0.7293795
12716,neutral,0.7569279
12730,neutral,0.7290637
12788,negative,0.58425236
12789,neutral,0.5365104
12797,neutral,0.715981
12800,neutral,0.49922326
12807,neutral,0.67425776
12819,negative,0.70683163
12839,neutral,0.70841706
12846,neutral,0.51230925
12850,neutral,0.72910625
12861,neutral,0.67950183
12862,neutral,0.6062427
12873,neutral,0.68354684
12880,negative,0.8356817
12889,negative,0.84017885
12890,neutral,0.71498287
12901,neutral,0.6114548
12922,neutral,0.70415807
12924,neutral,0.5425026
12934,negative,0.49414957
12966,neutral,0.6592432
12968,neutral,0.514369
12974,neutral,0.7804777
12977,neutral,0.59509224
12978,negative,0.66238415
12983,positive,0.8078537
12987,neutral,0.6041728
12998,neutral,0.538347
13013,neutral,0.6344134
13022,neutral,0.7224257
13032,neutral,0.7336928
13038,neutral,0.56902057
13056,neutral,0.53699917
13057,neutral,0.7350848
13059,neutral,0.45340887
13071,neutral,0.6163677
13079,neutral,0.5839024
13091,neutral,0.73513144
13102,neutral,0.6636952
13103,neutral,0.52574074
13108,neutral,0.62009776
13113,neutral,0.6629168
13120,neutral,0.5350554
13131,neutral,0.65148324
13135,negative,0.5589226
13139,negative,0.6139256
13146,neutral,0.7089281
13147,negative,0.47964668
13148,negative,0.7904605
13156,neutral,0.7775612
13160,neutral,0.5740424
13163,neutral,0.6456207
13164,neutral,0.61163247
13166,neutral,0.7577302
13172,neutral,0.6399453
13212,positive,0.9858774
13225,neutral,0.5773277
13229,neutral,0.71135825
13238,neutral,0.7799292
13245,neutral,0.6313438
13266,neutral,0.54865485
13295,negative,0.5825025
13296,neutral,0.6383982
13298,positive,0.7561719
13336,neutral,0.5194699
13347,negative,0.800974
13350,neutral,0.55878377
13355,neutral,0.7153444
13358,positive,0.82036996
13363,neutral,0.63484555
13381,neutral,0.64322966
13395,neutral,0.48003578
13399,neutral,0.75203425
13405,neutral,0.77359897
13414,positive,0.5038312
13418,neutral,0.7275002
13426,positive,0.73656094
13427,neutral,0.5465968
13433,neutral,0.72445
13435,negative,0.8096933
13441,negative,0.53811306
13442,neutral,0.5442981
13457,neutral,0.7638451
13474,neutral,0.7255715
13480,negative,0.7128521
13491,neutral,0.72573227
13494,neutral,0.6336667
13544,negative,0.50323087
13575,neutral,0.65374094
13576,neutral,0.7677835
13596,positive,0.87015617
13599,neutral,0.52415574
13604,neutral,0.5470937
13617,neutral,0.6091438
13618,neutral,0.7259699
13619,neutral,0.7141382
13625,neutral,0.6176386
13626,negative,0.8597404
13633,neutral,0.5436613
13640,neutral,0.7557466
13644,neutral,0.664844
13650,negative,0.7532061
13657,neutral,0.73610276
13664,neutral,0.76608026
13665,neutral,0.7499472
13668,neutral,0.57629156
13680,neutral,0.7785286
13686,positive,0.9849631
13690,neutral,0.56248856
13696,positive,0.6000269
13705,neutral,0.48358333
13712,neutral,0.70388764
13714,neutral,0.7591433
13717,neutral,0.5099504
13718,neutral,0.54820347
13731,neutral,0.6455712
13732,neutral,0.5082408
13738,neutral,0.7524673
13748,neutral,0.65783185
13750,neutral,0.66138166
13751,negative,0.69847274
13760,neutral,0.7421885
13762,neutral,0.73806405
13764,positive,0.90783453
13767,neutral,0.6462371
13772,neutral,0.5442917
13773,neutral,0.7876061
13780,negative,0.7954167
13787,negative,0.54435605
13790,neutral,0.7337701
13791,negative,0.6263444
13796,positive,0.97823226
13802,neutral,0.754434
13809,neutral,0.7149277
13812,positive,0.9821962
13829,negative,0.7042999
13839,neutral,0.6221469
13841,neutral,0.68330985
13842,neutral,0.6929308
13844,negative,0.5064702
13849,neutral,0.7104927
13850,neutral,0.81817925
13852,neutral,0.68215877
13861,neutral,0.6289982
13869,neutral,0.74639803
13872,negative,0.5982395
13881,neutral,0.7210152
13883,neutral,0.7154191
13885,neutral,0.75949234
13888,neutral,0.7555588
13889,negative,0.56720036
13894,neutral,0.66469115
13895,negative,0.5407674
13898,neutral,0.7622015
13912,neutral,0.7087257
13915,positive,0.8119134
13920,neutral,0.76174027
13940,neutral,0.76654434
13947,neutral,0.596729
13967,neutral,0.5375515
13973,neutral,0.8051574
13975,neutral,0.5035218
13976,neutral,0.6000042
13981,neutral,0.7448032
13996,positive,0.7309107
13998,neutral,0.4995855
14006,negative,0.814173
14010,neutral,0.572838
14016,neutral,0.6008518
14021,negative,0.7511428
14025,neutral,0.7430619
14034,positive,0.95776916
14035,neutral,0.6124382
14038,neutral,0.49733245
14046,neutral,0.77631605
14074,negative,0.49965245
14076,neutral,0.7950214
14077,negative,0.47039095
14103,neutral,0.6569847
14112,neutral,0.67376953
14127,neutral,0.6670294
14134,neutral,0.7314758
14137,neutral,0.70863014
14142,neutral,0.6704753
14167,neutral,0.7313566
14177,neutral,0.76656115
14187,neutral,0.7739471
14197,neutral,0.48070627
14199,neutral,0.48438028
14204,neutral,0.51274127
14206,negative,0.7481101
14210,neutral,0.6012974
14212,neutral,0.7625307
14213,neutral,0.63734394
14214,neutral,0.6635156
14220,neutral,0.7372295
14237,neutral,0.5465553
14241,neutral,0.6819274
14243,positive,0.54625493
14244,positive,0.79399484
14253,neutral,0.68387973
14255,positive,0.4633566
14266,neutral,0.6185798
14276,neutral,0.74974805
14287,neutral,0.4990181
14292,neutral,0.5938559
14299,positive,0.9942841
14301,neutral,0.77521175
14305,neutral,0.6719434
14308,neutral,0.8034089
14316,neutral,0.7116189
14318,neutral,0.7266862
14340,neutral,0.6332406
14348,positive,0.7518156
14355,neutral,0.5923559
14364,neutral,0.7985103
14365,neutral,0.66063017
14366,positive,0.9748891
14368,neutral,0.8097195
14376,neutral,0.74074817
14383,neutral,0.7195554
14388,positive,0.58203626
14393,positive,0.9948637
14408,neutral,0.50753117
14415,neutral,0.5322813
14428,neutral,0.71964747
14439,negative,0.62698966
14442,neutral,0.5451987
14443,neutral,0.7660806
14454,neutral,0.8292902
14469,negative,0.7767084
14485,positive,0.8170331
14510,negative,0.57739294
14517,neutral,0.7479104
14527,neutral,0.55367225
14528,neutral,0.65223783
14541,neutral,0.53229713
14567,neutral,0.77257067
14582,positive,0.9723642
14590,neutral,0.56566095
14602,neutral,0.6028276
14609,neutral,0.5746457
14621,negative,0.68415403
14636,negative,0.6272287
14637,neutral,0.65600824
14639,positive,0.5563173
14643,neutral,0.69876266
14656,neutral,0.52190644
14681,negative,0.7155166
14691,negative,0.65585965
14695,neutral,0.76911956
14703,positive,0.9895856
14705,neutral,0.5379488
14706,neutral,0.5246898
14713,positive,0.8375573
14721,negative,0.54932946
14722,positive,0.96103704
14728,neutral,0.7599197
14741,neutral,0.5594083
14745,neutral,0.4989986
14758,neutral,0.61931837
14793,neutral,0.7060974
14796,neutral,0.70227534
14799,negative,0.7795801
14812,negative,0.65335745
14818,neutral,0.5356408
14819,neutral,0.50931585
14842,neutral,0.49482727
14852,neutral,0.7349776
14858,neutral,0.74453807
14866,neutral,0.7625092
14868,neutral,0.706978
14870,positive,0.84603554
14878,neutral,0.5396392
14898,negative,0.6283466
14914,neutral,0.76050955
14918,neutral,0.72280496
14923,neutral,0.6423033
14927,neutral,0.48783064
14953,neutral,0.72019935
14954,neutral,0.64064497
14969,neutral,0.58118874
14977,neutral,0.49965405
14988,neutral,0.73453736
14993,negative,0.69407225
14995,positive,0.5855987
15002,neutral,0.5405191
15012,neutral,0.7510585
15029,neutral,0.67341983
15036,positive,0.84255236
15059,neutral,0.59277636
15068,neutral,0.7266222
15083,positive,0.87624675
15106,negative,0.76165664
15107,neutral,0.51983
15116,neutral,0.5457028
15118,neutral,0.56766343
15127,neutral,0.72432727
15133,neutral,0.6324652
15136,neutral,0.7606522
15153,neutral,0.7088133
15165,neutral,0.74343014
15174,neutral,0.6593975
15184,negative,0.9074812
15197,neutral,0.5364341
15223,negative,0.63675267
15231,neutral,0.65900636
15240,neutral,0.53424716
15248,neutral,0.5259107
15254,negative,0.6888692
15258,positive,0.7149909
15263,neutral,0.6100485
15279,neutral,0.80828685
15285,positive,0.81363034
15298,neutral,0.7475573
15305,negative,0.5627956
15313,neutral,0.66825587
15321,neutral,0.5699941
15327,neutral,0.7344299
15341,neutral,0.52421254
15344,neutral,0.69003356
15348,neutral,0.64830947
15350,neutral,0.68562835
15353,positive,0.6140537
15355,neutral,0.7718395
15371,neutral,0.5460507
15382,neutral,0.6207561
15389,negative,0.56323487
15395,positive,0.47699192
15402,neutral,0.46989843
15412,neutral,0.58463854
15425,neutral,0.6691955
15426,neutral,0.54332465
15434,neutral,0.61860806
15438,neutral,0.7091668
15459,neutral,0.5718064
15461,neutral,0.8013336
15464,neutral,0.6952965
15466,neutral,0.7247782
15467,neutral,0.70341194
15475,negative,0.5493359
15485,neutral,0.7304027
15511,neutral,0.7682934
15521,negative,0.62278575
15522,neutral,0.7351723
15523,neutral,0.6623195
15526,neutral,0.65698606
15543,neutral,0.70276934
15549,positive,0.59721017
15551,positive,0.77228075
15553,negative,0.6556676
15562,positive,0.9256163
15564,neutral,0.7159474
15565,positive,0.9677018
15581,neutral,0.737781
15583,neutral,0.5970604
15587,neutral,0.7497677
15589,neutral,0.66931623
15601,neutral,0.65243423
15627,positive,0.71264184
15629,neutral,0.77703875
15630,neutral,0.7101067
15631,negative,0.7934326
15639,neutral,0.48984274
15684,neutral,0.82613176
15686,neutral,0.6514858
15689,neutral,0.7198873
15705,neutral,0.8023084
15708,negative,0.6630599
15710,negative,0.70863134
15740,neutral,0.687509
15743,positive,0.98609734
15747,neutral,0.751575
15753,neutral,0.71678454
15767,negative,0.58247274
15772,negative,0.6534295
15788,neutral,0.72775936
15790,neutral,0.5841587
15815,neutral,0.78469145
15820,neutral,0.5017206
15830,neutral,0.54518676
15835,neutral,0.60401475
15838,neutral,0.78336924
15840,neutral,0.7289127
15843,neutral,0.7892847
15858,negative,0.7235793
15867,positive,0.50608265
15875,neutral,0.5649895
15876,neutral,0.65544266
15881,neutral,0.75742096
15884,neutral,0.76198095
15898,neutral,0.68066067
15911,neutral,0.66527784
15916,neutral,0.5774916
15919,neutral,0.72833574
15924,positive,0.9955106
15952,positive,0.48901755
15959,neutral,0.59160197
15970,neutral,0.5754092
15973,neutral,0.70917165
15976,neutral,0.74078596
15983,neutral,0.49037296
15986,negative,0.79300046
15988,neutral,0.6218358
16005,neutral,0.6531758
16006,negative,0.69890493
16010,positive,0.7506441
16026,neutral,0.51491344
16049,positive,0.99777156
16052,positive,0.48849356
16066,neutral,0.62671864
16068,positive,0.820301
16076,neutral,0.70090413
16077,neutral,0.51357263
16094,neutral,0.7824343
16102,positive,0.7397237
16132,neutral,0.72271514
16140,positive,0.5789607
16152,neutral,0.6221053
16154,positive,0.61207366
16162,neutral,0.75251096
16163,neutral,0.6239095
16166,neutral,0.71930707
16173,neutral,0.7646083
16181,neutral,0.64813936
16184,neutral,0.6204909
16188,positive,0.49400663
16191,neutral,0.6796387
16197,neutral,0.63474894
16198,positive,0.48181233
16199,neutral,0.7073111
16213,negative,0.62514323
16214,neutral,0.73295873
16224,neutral,0.76207453
16225,neutral,0.6683668
16228,neutral,0.71017
16229,neutral,0.6246155
16235,positive,0.7288615
16237,negative,0.5268708
16246,negative,0.5461903
16251,neutral,0.7208841
16252,neutral,0.7332555
16258,neutral,0.5340345
16259,negative,0.6526525
16261,positive,0.9005041
16263,neutral,0.62845534
16265,neutral,0.67448914
16270,neutral,0.6584216
16282,negative,0.75424397
16290,neutral,0.57130224
16323,neutral,0.66849077
16326,positive,0.61369985
16329,neutral,0.66943955
16337,neutral,0.6128389
16338,negative,0.5520955
16340,neutral,0.6548888
16342,positive,0.9774755
16346,neutral,0.64103293
16349,positive,0.5410138
16385,neutral,0.73733157
16392,neutral,0.7601253
16398,negative,0.8486206
16407,negative,0.71305144
16416,neutral,0.77273947
16417,neutral,0.7490543
16437,neutral,0.66113263
16445,neutral,0.76945853
16448,neutral,0.7611835
16449,neutral,0.6867426
16452,neutral,0.7242093
16460,neutral,0.65608394
16462,positive,0.55787617
16464,neutral,0.6111963
16477,neutral,0.67999077
16478,neutral,0.7104418
16491,neutral,0.67559445
16495,neutral,0.58404315
16507,neutral,0.47937116
16513,neutral,0.65048444
16515,neutral,0.77406913
16518,negative,0.5087408
16519,neutral,0.7994341
16525,neutral,0.7490414
16527,neutral,0.66787726
16534,neutral,0.64759064
16546,neutral,0.5027702
16548,neutral,0.66393924
16552,neutral,0.8104914
16559,neutral,0.6066699
16565,negative,0.7617877
16580,neutral,0.77916324
16584,positive,0.99416536
16589,neutral,0.63084525
16608,neutral,0.6874316
16611,negative,0.7584565
16617,neutral,0.70811844
16620,neutral,0.7185851
16633,neutral,0.73850065
16634,positive,0.9444439
16637,neutral,0.6616336
16640,negative,0.79645437
16649,negative,0.6749149
16666,neutral,0.55105025
16675,neutral,0.72804725
16677,positive,0.9199857
16678,neutral,0.47372636
16680,neutral,0.66054463
16689,neutral,0.60990185
16702,negative,0.82663405
16703,positive,0.5918506
16704,neutral,0.5953572
16706,neutral,0.6098716
16709,neutral,0.53585494
16711,negative,0.50934905
16719,neutral,0.76801383
16728,neutral,0.63370126
16730,neutral,0.6148573
16742,neutral,0.62041783
16745,neutral,0.64628834
16769,neutral,0.56861675
16776,neutral,0.7012174
16794,neutral,0.56719774
16795,neutral,0.7915953
16807,neutral,0.5584836
16826,neutral,0.7296872
16827,neutral,0.6748215
16829,neutral,0.75625527
16830,neutral,0.774143
16851,neutral,0.7262583
16852,neutral,0.7474987
16859,neutral,0.7679689
16861,neutral,0.70529383
16863,neutral,0.75119317
16865,neutral,0.49836385
16875,neutral,0.67471284
16877,positive,0.8775696
16879,neutral,0.6294444
16894,neutral,0.7844082
16900,neutral,0.6001987
16903,neutral,0.66795075
16906,neutral,0.7078927
16911,neutral,0.6850945
16916,neutral,0.74687696
16926,neutral,0.7388296
16931,neutral,0.7407158
16943,neutral,0.697769
16944,neutral,0.643171
16945,neutral,0.7702189
16949,positive,0.5324036
16957,neutral,0.56579816
16963,neutral,0.6352679
16971,negative,0.7239515
16973,neutral,0.5854086
16976,neutral,0.49350187
16978,neutral,0.6824284
16984,neutral,0.72351825
17013,neutral,0.6618937
17021,positive,0.8420947
17031,neutral,0.47840393
17034,neutral,0.6828982
17044,neutral,0.6175293
17057,neutral,0.5734751
17062,neutral,0.68845063
17087,neutral,0.7184597
17089,neutral,0.6775196
17105,neutral,0.8289413
17125,positive,0.9891894
17127,neutral,0.46474737
17128,neutral,0.70391494
17138,neutral,0.43796548
17140,positive,0.9400434
17144,neutral,0.70851237
17146,neutral,0.47684366
17149,negative,0.64140207
17152,neutral,0.73852354
17156,neutral,0.7954368
17182,neutral,0.790134
17189,neutral,0.7323835
17196,neutral,0.70695806
17200,neutral,0.6110934
17207,neutral,0.64860106
17210,neutral,0.5162524
17223,positive,0.808752
17239,neutral,0.6745504
17256,positive,0.95209414
17257,neutral,0.7680229
17258,neutral,0.7240313
17261,neutral,0.7131445
17267,negative,0.8961336
17268,positive,0.6973526
17288,positive,0.8505923
17302,neutral,0.5301497
17316,neutral,0.6019517
17318,negative,0.6052828
17322,neutral,0.7752198
17328,neutral,0.7266227
17336,positive,0.92999953
17342,neutral,0.74887174
17371,neutral,0.75632596
17401,neutral,0.67259485
17403,neutral,0.5599455
17420,positive,0.9969528
17434,negative,0.65617734
17439,negative,0.5521704
17443,neutral,0.50277776
17454,positive,0.59897375
17478,negative,0.5374142
17479,neutral,0.79476243
17496,negative,0.5043606
17508,positive,0.48038676
17518,neutral,0.6791565
17520,neutral,0.7940323
17525,neutral,0.696067
17531,positive,0.7577516
17534,neutral,0.7563866
17553,neutral,0.5786838
17556,neutral,0.54690266
17559,neutral,0.54560876
17573,negative,0.6802721
17590,positive,0.9896986
17601,positive,0.87370783
17604,neutral,0.6546558
17639,neutral,0.7784033
17640,neutral,0.505669
17648,neutral,0.63168883
17649,neutral,0.7486207
17656,positive,0.579277
17659,neutral,0.73600495
17661,positive,0.9710126
17665,neutral,0.701471
17667,neutral,0.802236
17676,neutral,0.759267
17681,neutral,0.51417345
17689,positive,0.9382608
17691,neutral,0.6617582
17693,neutral,0.7793103
17704,positive,0.61139864
17716,neutral,0.5502686
17735,neutral,0.7088736
17741,neutral,0.73197037
17743,neutral,0.7310013
17746,neutral,0.6972902
17767,negative,0.81840587
17769,neutral,0.76296985
17772,neutral,0.629645
17809,neutral,0.69293267
17816,neutral,0.7219932
17818,neutral,0.5023052
17824,neutral,0.65988696
17825,negative,0.6047055
17843,neutral,0.62827665
17844,neutral,0.6888702
17859,neutral,0.70779526
17865,neutral,0.7394156
17895,neutral,0.5305089
17910,positive,0.9765768
17918,neutral,0.73871166
17920,neutral,0.7430308
17927,positive,0.6064823
17933,positive,0.9815702
17934,neutral,0.5519985
17935,positive,0.9873016
17941,negative,0.7301277
17949,neutral,0.6838936
17963,negative,0.6788871
17967,neutral,0.7601497
17980,neutral,0.70749676
17990,negative,0.5072045
17994,positive,0.8579666
17998,positive,0.5626288
18007,neutral,0.749531
18014,negative,0.6626852
18018,neutral,0.5451161
18019,positive,0.9898706
18026,negative,0.7734134
18030,neutral,0.5648417
18052,neutral,0.64419615
18053,negative,0.56022424
18060,neutral,0.7867217
18061,negative,0.73571205
18073,negative,0.6969232
18078,neutral,0.77910024
18081,negative,0.50875515
18085,neutral,0.7765533
18087,negative,0.7432215
18088,negative,0.6926897
18101,neutral,0.4851702
18106,neutral,0.7950811
18107,neutral,0.5771123
18112,neutral,0.70346904
18114,neutral,0.7812423
18121,neutral,0.6480699
18130,neutral,0.7240185
18141,neutral,0.72167397
18143,neutral,0.49789697
18149,negative,0.71669793
18152,neutral,0.6379759
18157,positive,0.99010336
18187,neutral,0.7431225
18199,neutral,0.76430225
18204,neutral,0.6206877
18211,negative,0.829125
18214,neutral,0.67256147
18215,neutral,0.7611496
18240,neutral,0.6853264
18242,positive,0.73027635
18243,neutral,0.62214226
18247,negative,0.7216881
18248,neutral,0.76847184
18250,neutral,0.6659394
18251,neutral,0.78132075
18256,negative,0.9075073
18271,neutral,0.7733341
18282,neutral,0.5372813
18288,neutral,0.7050053
18312,positive,0.9894488
18313,neutral,0.56104136
18318,negative,0.79114807
18319,neutral,0.72469956
18320,neutral,0.7350781
18329,negative,0.66610014
18330,neutral,0.74761033
18343,neutral,0.740849
18346,neutral,0.52585137
18350,neutral,0.7030527
18351,neutral,0.50671387
18365,neutral,0.79169965
18366,neutral,0.7570458
18379,neutral,0.5994215
18381,neutral,0.49422562
18384,negative,0.74722046
18396,positive,0.98775804
18399,neutral,0.7199214
18403,neutral,0.57039195
18406,neutral,0.7725864
18413,neutral,0.7410338
18423,negative,0.5550531
18431,neutral,0.62314796
18432,neutral,0.7714668
18437,neutral,0.49997354
18438,neutral,0.66365194
18442,positive,0.52715045
18452,neutral,0.64385414
18453,neutral,0.7004085
18456,neutral,0.7953507
18462,positive,0.82150304
18465,neutral,0.6744727
18471,negative,0.5744648
18478,positive,0.97003704
18483,neutral,0.73103565
18485,positive,0.9535153
18489,neutral,0.5766045
18499,neutral,0.7303417
18505,neutral,0.6533978
18519,neutral,0.7624029
18520,neutral,0.5087492
18524,neutral,0.74823827
18534,negative,0.52070475
18541,positive,0.6518891
18560,positive,0.5164299
18566,neutral,0.718699
18583,neutral,0.7039835
18591,neutral,0.5128706
18604,positive,0.50734735
18606,positive,0.6339146
18626,neutral,0.55990976
18628,neutral,0.6364477
18636,positive,0.9740495
18642,neutral,0.7664814
18663,neutral,0.7492894
18665,neutral,0.786704
18666,neutral,0.6458062
18683,positive,0.5999016
18694,negative,0.54498667
18695,positive,0.77735937
18696,neutral,0.7209023
18707,neutral,0.7218377
18718,positive,0.72077316
18723,positive,0.86331505
18727,neutral,0.70828676
18750,negative,0.68973774
18772,neutral,0.73812497
18775,positive,0.76751757
18780,negative,0.81955975
18783,neutral,0.7061204
18798,negative,0.51600206
18801,negative,0.8764041
18807,neutral,0.7596058
18816,positive,0.99374974
18818,neutral,0.7766049
18837,neutral,0.6933172
18853,neutral,0.6828601
18863,negative,0.5305642
18864,negative,0.5100535
18866,neutral,0.66798556
18867,positive,0.88916045
18870,neutral,0.72571176
18873,negative,0.89934015
18874,positive,0.58017397
18878,neutral,0.7693809
18882,neutral,0.6660304
18896,neutral,0.52157646
18904,neutral,0.6548012
18906,positive,0.8081951
18907,neutral,0.7918344
18908,positive,0.5341806
18925,neutral,0.70578396
18934,negative,0.76112443
18935,neutral,0.7321778
18952,positive,0.6253123
18956,negative,0.7870225
18963,neutral,0.74470705
18982,neutral,0.69737834
18993,neutral,0.7161504
18997,neutral,0.7322715
19000,neutral,0.7648451
19001,neutral,0.66237515
19004,neutral,0.77684164
19010,neutral,0.6457761
19025,neutral,0.6617692
19029,positive,0.719804
19032,neutral,0.7199574
19044,neutral,0.48325473
19051,neutral,0.6954621
19052,neutral,0.63705707
19064,positive,0.9196812
19066,neutral,0.65011066
19069,negative,0.8863922
19070,neutral,0.7797685
19076,neutral,0.47422743
19088,neutral,0.70725507
19101,negative,0.6092309
19108,neutral,0.58712035
19109,positive,0.9968581
19112,positive,0.99715996
19126,neutral,0.6526966
19149,neutral,0.5322114
19153,neutral,0.7656739
19157,neutral,0.72829944
19159,positive,0.5569715
19173,neutral,0.5601995
19183,neutral,0.81377316
19194,negative,0.7093532
19196,neutral,0.6574423
19197,neutral,0.67490077
19202,positive,0.6227082
19203,neutral,0.7172613
19218,neutral,0.65832186
19219,neutral,0.7447525
19222,neutral,0.6682449
19227,neutral,0.7579542
19240,neutral,0.6777526
19245,neutral,0.64771384
19255,neutral,0.67019266
19270,negative,0.78956515
19277,negative,0.5953577
19290,positive,0.9458878
19291,negative,0.5002939
19297,neutral,0.67591083
19298,negative,0.6781862
19300,neutral,0.76208013
19302,positive,0.6598226
19307,positive,0.49811605
19308,neutral,0.68669015
19309,positive,0.6485075
19312,negative,0.628052
19321,neutral,0.707922
19329,neutral,0.64827806
19333,negative,0.679322
19365,neutral,0.7090606
19370,negative,0.53329414
19377,neutral,0.5349505
19386,neutral,0.5110804
19393,neutral,0.73798776
19394,positive,0.94810164
19424,neutral,0.7244728
19439,neutral,0.48721474
19459,neutral,0.80445844
19470,neutral,0.54838294
19492,neutral,0.7812241
19498,neutral,0.61194223
19502,neutral,0.53817505
19532,neutral,0.7298446
19554,neutral,0.67896503
19559,neutral,0.76879305
19586,neutral,0.72755826
19613,neutral,0.6934509
19643,neutral,0.52207786
19669,neutral,0.5922185
19670,neutral,0.6353429
19673,neutral,0.71488434
19678,neutral,0.7320105
19680,negative,0.6571002
19684,neutral,0.65253884
19685,neutral,0.59222573
19692,neutral,0.707864
19704,positive,0.6883861
19718,neutral,0.815557
19728,negative,0.6381398
19731,neutral,0.70725876
19738,neutral,0.66710776
19739,negative,0.59609157
19741,neutral,0.7645201
19742,positive,0.5760333
19763,neutral,0.5643323
19766,neutral,0.66239953
19778,positive,0.8262439
19785,negative,0.67790073
19790,neutral,0.6948391
19819,neutral,0.5964529
19824,negative,0.69840527
19829,negative,0.60002506
19836,neutral,0.7480045
19838,neutral,0.58156633
19842,neutral,0.63003856
19899,neutral,0.7019987
19902,negative,0.6350302
19906,negative,0.5131962
19926,neutral,0.7774059
19940,neutral,0.6206573
19948,positive,0.9952181
19957,neutral,0.6856665
19958,negative,0.510982
19960,negative,0.8832697
19972,neutral,0.7397141
19975,neutral,0.7244215
19991,negative,0.65396196
19994,neutral,0.80812716
20002,positive,0.6339546
20012,neutral,0.7656114
20015,neutral,0.45688462
20033,neutral,0.7860643
20035,neutral,0.77868813
20046,neutral,0.54137045
20051,neutral,0.7924491
20075,neutral,0.64448917
20085,neutral,0.516058
20086,negative,0.63569117
20092,neutral,0.78558636
20095,neutral,0.7531671
20109,positive,0.50144064
20114,neutral,0.6814768
20115,positive,0.6617335
20131,neutral,0.7266477
20135,negative,0.7005183
20140,negative,0.52602804
20150,neutral,0.55344397
20160,neutral,0.624047
20163,neutral,0.6389373
20168,positive,0.8980403
20179,neutral,0.7162827
20196,neutral,0.5853699
20209,neutral,0.72045183
20219,positive,0.9952566
20222,positive,0.99595463
20227,positive,0.7913673
20239,neutral,0.60911745
20241,neutral,0.7501358
20281,neutral,0.71061385
20283,positive,0.84432024
20285,neutral,0.5693675
20290,positive,0.65230143
20299,negative,0.8686472
20313,negative,0.78312755
20324,neutral,0.7014564
20330,neutral,0.6034445
20346,neutral,0.6046757
20356,negative,0.72830445
20368,neutral,0.6392576
20372,neutral,0.5594814
20379,neutral,0.67470145
20398,neutral,0.7457883
20420,negative,0.6813215
20427,negative,0.86853844
20430,neutral,0.6978823
20453,neutral,0.6639651
20454,negative,0.6157261
20457,neutral,0.60862565
20462,neutral,0.70890146
20463,positive,0.9819541
20475,neutral,0.70563346
20515,neutral,0.75625145
20516,neutral,0.49156755
20518,negative,0.5587869
20533,neutral,0.6249054
20541,neutral,0.5591641
20542,neutral,0.72807395
20543,neutral,0.48821455
20551,neutral,0.6885519
20562,neutral,0.64181423
20568,neutral,0.8025281
20571,positive,0.58617854
20573,neutral,0.5071895
20576,neutral,0.74596345
20582,neutral,0.529306
20585,neutral,0.74086326
20586,neutral,0.6208991
20593,negative,0.6069799
20594,neutral,0.5897322
20595,neutral,0.7017226
20599,neutral,0.60267764
20611,neutral,0.6237742
20613,neutral,0.6993626
20617,neutral,0.763039
20623,neutral,0.6161158
20634,negative,0.5841173
20639,neutral,0.5082165
20642,neutral,0.78068376
20644,neutral,0.5836598
20648,neutral,0.5467641
20649,neutral,0.7243548
20657,neutral,0.7759382
20659,neutral,0.7244585
20661,positive,0.8734305
20672,neutral,0.6919808
20677,neutral,0.7431485
20680,neutral,0.79096913
20688,neutral,0.63437086
20709,neutral,0.73230433
20713,neutral,0.574642
20722,neutral,0.6653128
20733,neutral,0.77144045
20741,positive,0.7741209
20750,neutral,0.74009997
20761,neutral,0.74027187
20770,neutral,0.68350935
20798,neutral,0.6198081
20808,neutral,0.75179887
20841,neutral,0.71280664
20852,neutral,0.495347
20867,neutral,0.50154215
20877,neutral,0.52524805
20925,neutral,0.5577585
20946,neutral,0.8086799
20947,neutral,0.74066925
20954,positive,0.93583316
20963,neutral,0.69177806
20984,neutral,0.43357503
20992,negative,0.5545138
20995,positive,0.5838348
20998,positive,0.99481356
21002,neutral,0.6803651
21008,positive,0.6920456
21012,positive,0.694822
21015,neutral,0.7322413
21022,neutral,0.75241894
21029,neutral,0.55471474
21049,neutral,0.6558595
21051,neutral,0.7165834
21057,positive,0.9673726
21060,neutral,0.5419363
21069,neutral,0.5341028
21073,neutral,0.6056246
21075,neutral,0.49539414
21109,neutral,0.5124099
21112,neutral,0.6627838
21115,neutral,0.616719
21118,positive,0.6541779
21126,negative,0.55806637
21132,neutral,0.627815
21152,positive,0.67753005
21157,positive,0.99029106
21159,neutral,0.64193463
21161,positive,0.64894277
21193,positive,0.99354494
21200,positive,0.7151929
21203,neutral,0.7010053
21208,neutral,0.6540843
21210,negative,0.60493726
21228,neutral,0.6581341
21240,neutral,0.7786555
21263,neutral,0.6628833
21312,positive,0.9837177
21329,neutral,0.5747382
21331,neutral,0.7700314
21340,neutral,0.5205382
21341,neutral,0.6393721
21350,neutral,0.74353254
21353,neutral,0.5154649
21362,neutral,0.5457673
21381,neutral,0.6888753
21387,neutral,0.72375053
21392,neutral,0.80013305
21400,neutral,0.6230212
21409,neutral,0.68299806
21413,positive,0.4982754
21422,neutral,0.76394594
21431,positive,0.53931874
21438,positive,0.99712795
21470,neutral,0.6677327
21477,negative,0.8489784
21498,positive,0.5126931
21503,neutral,0.6850623
21505,neutral,0.6341515
21513,neutral,0.55367285
21528,negative,0.7936267
21551,neutral,0.5701897
21560,negative,0.7720383
21577,negative,0.6311083
21579,neutral,0.69955444
21583,neutral,0.6949076
21585,positive,0.6931333
21597,negative,0.7168953
21606,neutral,0.65912557
21613,neutral,0.68510234
21618,neutral,0.5071626
21625,neutral,0.7078455
21634,neutral,0.55394036
21635,negative,0.7549271
21644,negative,0.76760596
21669,positive,0.86106
21670,neutral,0.7483688
21671,neutral,0.7817646
21691,positive,0.5271591
21712,neutral,0.68133706
21716,neutral,0.73592305
21734,negative,0.70051074
21739,positive,0.65797156
21741,neutral,0.72455764
21748,neutral,0.61757505
21749,neutral,0.62624335
21766,neutral,0.772709
21770,negative,0.8124379
21774,neutral,0.7115517
21784,negative,0.75569654
21802,negative,0.7983287
21808,neutral,0.516147
21833,neutral,0.62724036
21837,neutral,0.69384694
21839,neutral,0.65255076
21841,neutral,0.531667
21843,neutral,0.6743041
21845,negative,0.5947515
21846,neutral,0.73689586
21850,neutral,0.53940505
21851,positive,0.63568974
21862,negative,0.5604702
21863,negative,0.63946265
21868,negative,0.6278531
21872,neutral,0.5424608
21878,neutral,0.5051613
21925,neutral,0.56126165
21931,neutral,0.73839253
21942,neutral,0.7230247
21950,neutral,0.7244036
21954,neutral,0.5034148
21955,neutral,0.7662255
21959,neutral,0.63045496
21975,neutral,0.6656253
21984,neutral,0.6306094
21985,neutral,0.5670739
21999,neutral,0.5021169
22003,positive,0.9588777
22004,positive,0.98583895
22021,neutral,0.7691421
22023,neutral,0.73841107
22034,negative,0.55745476
22035,neutral,0.72728443
22066,neutral,0.5976722
22069,neutral,0.62764686
22071,neutral,0.63832635
22074,neutral,0.6897419
22076,positive,0.9430099
22078,neutral,0.6757103
22081,neutral,0.6404092
22106,neutral,0.72537524
22119,neutral,0.48882794
22126,positive,0.98524636
22134,positive,0.9950375
22139,neutral,0.76595336
22153,positive,0.62249506
22158,neutral,0.5447475
22182,neutral,0.74569714
22191,neutral,0.7484173
22195,neutral,0.7389136
22210,negative,0.49599785
22216,negative,0.49362734
22223,neutral,0.5167038
22247,positive,0.63882285
22251,positive,0.6172452
22252,positive,0.5141755
22257,negative,0.6151633
22258,neutral,0.7655893
22266,neutral,0.638089
22271,neutral,0.7717691
22272,neutral,0.54415077
22284,neutral,0.7201605
22286,positive,0.99375534
22297,negative,0.7370835
22301,neutral,0.59338486
22305,negative,0.68445444
22306,neutral,0.69026655
22307,neutral,0.59406614
22313,neutral,0.7285023
22316,positive,0.7486708
22317,neutral,0.57294655
22322,neutral,0.6659284
22336,negative,0.7120671
22350,neutral,0.75944734
22359,negative,0.81314
22363,neutral,0.64163834
22375,neutral,0.6626109
22387,neutral,0.69221765
22394,neutral,0.7214361
22396,neutral,0.61249334
22406,positive,0.8155332
22408,neutral,0.6451088
22411,neutral,0.6668058
22418,negative,0.56313753
22450,negative,0.6253841
22451,negative,0.5411892
22454,neutral,0.5967198
22461,neutral,0.70871913
22462,negative,0.6758833
22465,neutral,0.5874124
22467,positive,0.7843866
22469,negative,0.86400765
22485,negative,0.7685709
22487,neutral,0.6285499
22491,neutral,0.7088758
22521,neutral,0.80541545
22527,negative,0.7977632
22544,neutral,0.68894947
22579,neutral,0.6715246
22593,neutral,0.7876875
22604,negative,0.5534624
22606,negative,0.643702
22607,neutral,0.7983589
22609,neutral,0.75016314
22617,negative,0.7345636
22619,neutral,0.7946084
22631,neutral,0.69378394
22637,neutral,0.7443453
22638,neutral,0.583814
22639,neutral,0.61299
