review_id,Review Text,in_round2,Rating,pred_label,pred_conf,split_hint
0,"The material, deep color and design are gorgeous. however, the dress is just too bulky for my 5'2"" and 110lb frame. i ordered a 0p, and it just wasn't flattering on me. it's somewhat tent-shaped so the fact that it's not at all fitted and has a thick lining made me look larger than i actually am. i'm so disappointed because the dress really is beautiful otherwise.",False,3,neutral,0.5747382,
1,"This sweater looks soft and flowy on the model, but in the store it is rather stiff lace in the back and very plain in the front. i did not like the ribbing on the front bottom of the sweater because it pulled in places and didn't lie flat. way too expensive for what you are getting.",False,3,neutral,0.6685491,
2,"This top was so beautiful, exactly like the image shows but the waist was so tight. it was uncomfortable enough that i am going to return it. sad because the top and arms fit great. i am an hourglass so my waist is very small compared to my top and bottom. oh well, next time!!",False,3,neutral,0.61249334,
3,"I ordered this dress in my usual size and unfortunately when it arrived, it was damaged and also a little too big. the fabric had lots of pulls in it like it had been tried on many times.

i called customer service and requested a replacement in a smaller size. it fit great and looked beautiful but there was a rip in the sleeve.

this is a gorgeous dress and very flattering and well fitting (if you size down), but i had to return both and wear something else to a holiday party.

i'd only recomme",False,3,neutral,0.7423438,
4,"I am 5'2"" and 115lbs......ordered the blue motif in small petite. they were not only too big overall but were way too long. i had to roll them up several times to get the right length. because of fabric design these would definitely have to be hemmed. i had to check tag because i thought for sure i got sent a regular length but they were petite. not sure if they are worth trying in a smaller size..... pants were really comfy but maybe too pajama like for my taste.",False,3,neutral,0.69884115,
5,"This is a shift dress, which is a great dress for many people, in a kind of man-repeller way. by saying that, i mean, a really pretty dress that can show off amazing shoes, good legs, a beautiful face and hair. this is not a body con dress. however, when you do such a high neckline and boxy sleeves, you do no one any favors. everyone has a nice neck and decolletage and collarbone. everyone. the neckline needs to open up a bit....i'm not saying v-neck, just a bit lower than this, because it makes",False,3,neutral,0.53911126,
6,"I ordered a medium and it fit perfectly. i am anywhere from a size 6-8. 5'9, 155lbs.
sadly, i am returning this dress because the horizontal stripes make my hips look huge.",False,3,positive,0.5126931,
7,I love the style of this swimsuit on the model. when i purchased is i didn't realize that there was no support (wire/ padding/ lining) in the chest. the rest of the swimsuit was great but i did not like the look in the chest - it provided no support. i ended up returning it.,False,3,neutral,0.53894323,
8,This is a gorgeous dress. i got the red version. it's stunning...the zipper is trash however. i'm scared of getting stuck in it like another reviewer.,False,3,neutral,0.6708334,
9,"I'm a consistent size 6 (ordered a small) with a pretty athletic build (wide shoulders and strong arms) and this dress simply did not fit with those proportions. the sleeves and back were far too tight. additionally, the bow did not cover my bra strap, likely because it isn't made for someone my height. had to return.",True,3,neutral,0.6012974,
10,"First comment about this piece is that it runs unbelievably small, which is not in line with most retailer pieces. i had to size up two sizes to get the size to close, on top of being busty. the material is thin and mildly see thru, but i think the shape it cute and it had a unique look to it with the tiny gold buttons and non-collar top. i decided to keep it.",False,3,neutral,0.66787726,
11,"I picked up this t-shirt at my local retailer today, immediately drawn to the super cute, colorful graphics, and the unique stitching at the collar, saying ""giddy up!"" to go with the cowboys, horses, cacti, and movie camera, (unusually!). the graphics are way cuter in person, as compared to the weirdly wavy-distorted and unclear photos shown online. if all i had seen was these photos, i would never have even noticed or recognized the design. go to your local store to see this in person, and you wi",False,3,negative,0.65617734,
12,This looks great on the model and is probably beat suited for someone that is tall and thin with small hips.,False,3,neutral,0.5874124,
13,"It really is such a cute romper. took it on s trip to italy and it was airy and comfortable. that is in till i washed it. i'm in europe so there aren't dryers... washed it in cold water, line-dried it and it shrunk. significantly. it still fits but the top doesn't blouse over like it previously did. and the shorts feel really short. so disappointed. my advice would be to hand wash it in very cold water",False,3,negative,0.4995376,
14,There were no reviews when i ordered this tunic so nothing to help gauge fit. it is very cute but the fit is strange - very narrow in the shoulders and chest.,False,3,negative,0.68415403,
15,It's a very pretty top. a little tight in front at the bust. i'm giving it 3 stars because the fabric is very flimsy and looks cheap.,True,3,neutral,0.7277928,
16,I love this dress but when i put it on i was aghast! the chest was tight and the body was voluminous!! added the pounds which no wants! best left to the waify girls.,True,3,neutral,0.5520082,
17,"If you have muscular thighs, like me, these won't fit well. i'm usually a size 8-fitted/10-relaxed, i bought these in a large and the shins were the most relaxed part. had to return for not fitting well. but the quality of the product was nice.",False,3,neutral,0.70530945,
18,"I love the look of this dress but the length feels a little awkward which might be my height (5'4""). i'm thinking about having it altered, not sure if i will do that or return it. i love the colors and the back cut out, it may be a better length for taller individuals.",True,3,positive,0.5006722,
19,"I got this dress in the mail, and while i loved the concept of it, it really is too boxy. the tie is very superficial and does not really nip you in at the waist, it is more so for show. it is fully lined which was interesting, and to me, made the dress seem boxier. the quality is good, but i am an hourglass and this was completely unflattering. i would have had to size up to make it look like the model shot, but it would have still been a shapeless dress, just bigger. it does fit true to size,",True,3,neutral,0.59539086,
20,"So i was super excited to get this skirt, unfortunately it's not what i thought it would be. the color is much different then what pictured, it has bronze threading and the black on the picture is more gray in real life. the material isn't so great easier, i thought it would be thicker but instead it's pretty thin and wrinkles easy. the design is very cute and it is a flattering shape but the material is just too poor for me to give this a good rating. i wouldn't say it's itchy like the other re",False,3,neutral,0.5938559,
21,"This is a beautiful and well-made top; sadly it just didn't work for me. i'm 5'1 with a pretty short waist and even on me it was too short. the shortness might've worked if it wasn't as baggy as it was. i don't mind baggy, loose-fitting tops, but this was so much so that it was just unflattering; it looked a bit boxy as well.",False,3,neutral,0.70327014,
22,"I tried this on in a different retailer a couple of weeks ago... ....tried on a different one last night..same size and it looked baggy, sleeves way too long, etc.  let me add that i am usually a xs/s petite but some regular extra smalls will work also.  this was a xs reg.  even the sa could see that one looked like it fit smaller ( i showed her the photo in my phone) while this one swallowed me.  bottom line, you will need to try this one on as the sizes seem to vary.",False,3,neutral,0.69501257,
23,"I ordered the red version--it is incredibly cute, soft, vibrant, and a flattering a-line. however, this dress is sized oddly, running at least one or two sizes too small, particularly at the waistband. i ordered my usual size and one size up, and even the larger size was too snug in the waist.  yet at the same time, i had some gaping at the straps, and i have a full bust. even worse is the *impossible* side-zipper that is a workout to get past the seam at the waistband. trying to wrestle the zip",False,3,neutral,0.5220434,
24,"This is an oversized tee with a somewhat flattering fit. material is very thin. i ordered white, which was completely see-through. not at all what i was expecting. might work better in a darker color, but i returned it since it was nothing special.",True,3,neutral,0.6090946,
25,"Based on other reviews that this top ran large, i ordered this online in two sizes. both seemed to fit alright in my chest (although the chest fit tighter in the smaller size), and both were much too big on the bottom. the front bottom of this shirt has a series of pleats, so the bottom of this top really, really, really flared out away from my hips. the length seemed fine on me (5'10""). the material is very thin, and i could see my nude bra through the white pattern.",False,3,neutral,0.6858014,
26,"I was really excited to receive this caftan, but it looked very strange on my body. i have small shoulders and the xs was still very big on me. there's also a seam along the sides that made me look boxy. the quality is really great, but i thought that the color seemed a tad bit darker/muted than pictured.",False,3,neutral,0.6978823,
27,"Overall a very nice and unique dress. it does have too much going on, but can be worn in a versatile way, and if you are small chested, without a bra. i am not a big fan of the material, i wish it was softer. it definitely has a gypsie/bohemian look if that is what you are looking for!",False,3,positive,0.99404055,
28,"I always have to try on tops of retailer. i know this, and yet i ordered a top through the website anyway. i don't think i'll do it again. the drape of the top seen in the pictures did not translate in real life because the top scratched up pretty quickly. ironically, when i washed it (according to directions) it also shrunk quite a bit.",False,3,neutral,0.531667,
29,Good structure and quality; a bit large and wish i had ordered something a bit brighter! (i ordered the white tee.),True,3,positive,0.56559324,
30,"So, this is just the most lovely romper. beautifully made, flowey. very comfortable, until you have to take it off.
this is the review i posted on facebook. 
so, no man i know has ever ever ever experienced the abject terror, or maybe has not shared with me, that moment when you cannot get out of, because it has turned into a straight jacket, that otherwise cute romper. and again, maybe a man invented it!",True,3,positive,0.7378081,
31,"This was very tight in the bust in my typical size. it fit more or less everywhere else, but the material has no give. so unless you are the precise measurements of the dress, this will be a hard dress to wear.
the color is really lovely though!",False,3,neutral,0.76394594,
32,"The fabric is really itchy, i felt like i was wearing a carpet, and it reminded me of the 70's fabric crimplene. this will not be comfy in humid weather. the top also had a strange synthetic odor.it was returned.",False,3,negative,0.86853844,
33,"I was excited to receive this dress because it seemed like a beautiful, breezy dress for summer. unfortunately i didn't find the fit to be very flattering. as two other reviewers mentioned there is too much fabric creating an odd bunching especially at the back waistline. i also found the dress to be a little tight across the bustline, upper arms and shoulders. the bunching can be improved by pulling the fabric of the dress forward in the front but this creates more of a plunging neckline than i",False,3,neutral,0.74636126,
34,"I ordered this dress and have sent it back. i think it could be a flattering dress; the waist hit quite a bit above my natural waist which made the entire thing fit weirdly. i am very long waisted, so this might just be a problem for me. i ordered regular size 2.",False,3,neutral,0.7089521,
35,"I wish i could keep this dress based on the pretty orange print and style but the fabric and details make this a return, even on sale price :( agree with previous reviews: bodice too tight, neckline too high/chokes, fabric is rough, outer is poorly attached to liner so it poofs in weird areas. too bad...so sad!",False,3,neutral,0.70811844,
36,"While the dress is pretty, it's a lot more boring than it seems online. the box top is actually a completely separate piece, which is kind of neat - you can choose to remove it or not. the box top is very wide (much wider than on the model) and very unflattering! also, the dress is a stiff silk fabric and doesn't flow like you would think it would. returning it!",False,3,negative,0.8356817,
37,"Loved the look, quality was great, but didn't work for me. too busy and off-fitting. i did return.",False,3,neutral,0.6933384,
38,"Cute sweater, i really like the grey color. unfortunately, it was boxy and a little short on me. almost worth keeping, but even with a t-shirt underneath, i wanted to scratch my skin off. it's very itchy. mine is going back.",True,3,neutral,0.7218377,
39,"I ordered this top in red. gorgeous color and detail, however just wasn't flattering on my more curvy shape. felt like it looked like a maternity top.",False,3,neutral,0.50154585,
40,"Not good for for an hourglass shape. lots and lots of pretty fabric, but the waist hits just where the hips widen--very bohemian (just no good for a figure 8). the sizing is generous. with both elastic and a zipper, there's room to go small if between sizes, be aware: the plunge at the front is wide and dramatic. i dropped the hangar in the dressing room and had to clutch fabric close to my reasonably-modest c-cup so as not to spill out. would perhaps work on a very narrow person who's completel",False,3,neutral,0.7625307,
41,"I tried on the grey version in store, and it was significantly longer than pictured. the back came down to just below my knee, which looked awkward with the split sides. i am 5'4"" and this was a regular (not petite) size. however, the overall quality of the fabric was good and it seemed durable.",False,3,neutral,0.7634315,
42,"Really wanted to love this top but it was too boxy for me! really pretty deep wine colors and a great plaid, but overall it did not give me any shape and it was returned,",False,3,neutral,0.7153444,
43,"I ordered this in both the white and navy colors - navy being what looks like an ivory background with navy spots. when i received the blouse, the background on the navy is actually a light grey/beige color that makes the whole top look kind of dingy. when ordering the navy version, be aware that the product images don't show the true background color on the top!",False,3,neutral,0.49733245,
44,"This shirt looks nice on the model, but it felt stiff and unflattering on me. i am 5'5"", 135lbs, 34c, and the size 4 fit overall. i just didn't happen to like it on me.",False,3,neutral,0.58623487,
45,"This sweater was unflattering me, very boxy and did not fall on me like the model. soft fabric and looks nice off, however this one went back.",True,3,negative,0.55745476,
46,"I'm so disappointed with the fit of this top. it is extremely short, even for my 5'2 frame. sizing up will not fix the length. too bad, because the shirt is cute.",False,3,negative,0.80996066,
47,Tried small and medium and both were quite tight on the bottom. top is perfect. will return the bottoms and try the large.,False,3,positive,0.5341806,
48,"Note: if you have a large chest, the seams hit in an unflattering spot. nice shirt, just not great for the price.",False,3,neutral,0.7824343,
49,"I received this yesterday and the fit for me is so strange...to tight in the bust and the arms were to big for me..i am so bummed...the arms do not stay on my shoulders. i have many tops but maeve and they fit me well..this is the first one i have to return. this top is made well and i do recommend, but it should be tried on before purchasing as it is pricey if it does not fit you!",False,3,neutral,0.7149277,
50,Beautiful victorian look blouse. runs large and overly blousy on me.,False,3,neutral,0.6398274,
51,I love the back detail but doesn't feel that comfortable on. i bought in green. it's fitted so get size larger if you plan to layer up. i'm 107 and bought xs size. i should have ordered the s.,False,3,neutral,0.6330362,
52,"Thought this looked so cute, especially for averting frame. it arrived and was too large, the fabric felt super cheap, and the lace detail on the shoulders was very prominent.... and not in a good way. returned.",False,3,negative,0.82370543,
53,"Purchased this sweater as a gift for my daughter and when i saw it wanted one for myself. it is a light to medium weight and works well with jeans or for work. the sweater is shaped smaller at bottom and is flattering. the one problem was that when you raise your arms, the sweater also rises to expose your torso. it was returned.",False,3,neutral,0.6457441,
54,"Ordered this vest in both the xs and pxs. i liked the length and overall fit of the xs, however, i ended up returning both due to how the vest draped. the outer fabric is a bit more stiff which made the vest balloon out more then what i liked. overall, it?s not a terrible vest but just not for me.",False,3,neutral,0.7266222,
55,Beautiful sweater coat! love that is easy to pop on & head out. i did have to go to a seamstress and have the button moved as it was to large and boxy around my waist area.,True,3,positive,0.9968581,
56,"The fabric is so soft, but it was too roomy in the top and miid-section so it didn't flatter my body.",True,3,neutral,0.55149823,
57,Cute dress to throw on and go. fits pretty true to size except for the slip underneath. it's a little tight and i felt to short for the dress. i ended up wearing a full slip i had under it and that work great!,False,3,positive,0.99244446,
58,"This is a very cute dress. it was perfect before i washed it. the problems i had after washing it was the outer cotton layer of the dress shrunk length wise while the inside black lining did not, so the black lining peeks out a good inch or two. and since the dress is shorter i can't really wear it without using biker shorts, especially for the back of the dress since it's shorter there and if i bent over you could see everything. i'm so disappointed in the quality because it is a very cute, ver",False,3,neutral,0.707316,
59,"I love the style, but it didn't work for me. i ordered the r size. they were way too too long. i generally wear size 26, and the r length works with most retailer pants. with this particular pant, i could barely pull up the zipper. i'm not sure what happened bc i haven't gained any additional weight. i am 5'2, and 110 lbs. unfortunately, i had to return the pants. i think the design is for supermodels. maybe a petite size would have worked? the p was out of stock. good luck!",False,3,neutral,0.5099188,
60,"This shirt fit really really big! i ordered an xl but think i could get away with a l, if not a medium. sadly, it's going back :( otherwise, it's high quality and a beautiful design.",True,3,negative,0.5072045,
61,"I just received these jeans and the fit it good. but they smell like moth balls and i have washed them twice already. i hope it will go away, otherwise i wasted $100.",False,3,neutral,0.6936287,
62,"I ordered this sweater in a medium with high hopes. i'm 5'8"" and slender, but with a 36' bust, and the medium was too loose and long (sleeves fell past my wrists). i would exchange this for a small for a better fit, but the color is not the white or cream color i was expecting. the color of this sweat is more of an oatmeal - not flattering on a far-skinned blonde. i think the color would look fantastic on someone with dark hair (as it does on the girl in the photo). the texture is great and i re",False,3,neutral,0.7161504,
63,"I ordered this sweater in xxsp and the sweater is still very large on me. it is definitely a sweater that is supposed to hang off of your shoulders, however, i'm finding that it wants to fall all the way off of me. the quality is nice. it is medium in weight. it has a cottony feeling, but it not super soft. it looks way better on the model shown than in person to me. i wanted to love it, but i only just like it. i think others will like this if you are looking for a fun, loose look in a sweater.",False,3,neutral,0.76595336,
64,"I do think this blazer is comfortable and looks decently cute, but wasn't sure about the fabric. hte coloring is fun too. i decided to pass on it only because of the previous review regarding shedding.",False,3,positive,0.8011263,
65,"I ordered this quite nice cardigan. i received the sweater promptly (yay fast shipping!) but never received the belt to it. i tried emailing about it, but didn't get a response. the sweater really is the softest thing ever but it will not close without the belt and trying to use a different belt just doesn't work. i hope to receive the belt soon, because i'd really like to wear this a lot this winter.",True,3,neutral,0.7843864,
66,"While this top is pretty, it's very unflattering. it just looks so boxy on me that it makes me look heavier. too bad, because i really wanted to like it.",True,3,negative,0.69840527,
67,"These weren't what i expected, but i kind of really like them. they have a very high rise, and so they end up being high waisted. the fabric is stretchy so they are extremely comfortable. however, the fabric is very stretchy, and i'm not sure i can wear them to work. but they're a little fancy for the weekend. the color is more of a washed out coal than pure black. all things i can work with, but they are a little different than i imagined. they are quite long -- i'm 5'8 and will likely have to",True,3,positive,0.6936858,
68,"I wanted to love this dress. i am not comfortable wearing dresses much above the knee and i liked the length and the way this looks on the model. however, in person this dress is cut like a sack. it is not tapered at all in the waist and there is just too much fabric when you cinch the belt, at least on me. it was oddly shapeless, even with the belt. it seemed a size too large. i ordered the xxsp. for reference i am 5'1"" and 107 lbs. i ordered the neutral dress and i really like the fabric and c",True,3,neutral,0.5994215,
69,"The arm slits are actually subtle, and don't gape open. the chiffon type pleats are lovely, but the cotton material they overlay appears cheap and isn't dressy enough for my work.",True,3,neutral,0.7885081,
70,The idea of this dress is lovely. the fabric is pleasing to the touch. the print manages to be eye catching but understated. i don't know my exact measurements but i typically wear an extra small and i rarely have fit issues with off the rack clothing. i read the other reviews about the odd fit but decided to take a chance. i ordered an extra small in this dress and the bottom half fits perfectly. the top fits poorly. i have a fairly athletic build but it is a bit too large for my shoulders. how,False,3,neutral,0.7699723,
71,"I love the design of this and the pattern! it's comfy but a bit too much side boob for actually swimming. i like a bit more coverage, the front has great coverage but on the side... whoa!!!",False,3,positive,0.5141755,
72,"I fell in love instantly...but...upon looking in the mirror, it is 100 percent see through. at least the black is... i love it enough that i am going to try to put a cami underneath. however, that mayn't work. the shirt is lovely in and of itself, but at 48, i don't need a see through shirt. it is also defiantly about a size larger that expected. so size down. almost so good!",False,3,neutral,0.68187696,
73,"Another shirt i really wanted to love. i adore green but so few tops are made in this color. (please make more!!) however, this shirt didn't work for me. i think it's a matter of where your curves live. the shirt was true to size, but my boobs meant i was showing more cleavage than the model, and the top part felt more like a bib than embroidery. sad coz it is lovely and feels lovely on. probably a great shirt for different body types. would love to see more green clothing....",False,3,neutral,0.7758492,
74,I had to call so many stores to track this shirt down and in the end it wasn't worth it. i got an xs and it was quite baggy. i never buy petite shirts because i feel like they are too short but in this case i think the shirt would have been perfect in whatever the smallest petite size is. for someone who's bigger i'd definitely check this shirt out.,False,3,neutral,0.74970114,
75,"I ordered this dress online in order to get a petite size and am very disappointed. as other reviewers have mentioned, the fabric overlay is very different in person than it appears in the online pictures. the dress is much more casual and looks cheaply made in person. 
as for sizing, i ordered the 2p based on other reviewers' comments about it running small. the 2p fit me fine, although it was very fitted in the chest and i am very small chested #32b#. i can definitely see that being an issue",True,3,neutral,0.7303417,
76,"Love the fabric and it seemed warmed. but as other reviewers mentioned, the neckline was awkward.",True,3,neutral,0.68133706,
77,"Not in love with this one. the fabric is thin and seems cheap... it seems overpriced even on sale. and it runs a bit small along the bust. i could maybe get away with it without a bra, but after 3 kids, braless isn't my best look. and i don't think the print is a pretty in person as it is online - can't quite put my finger on why... maybe a little darker in person. that said, the fit is flattering. the cinched waist is lovely, and the skirt is nice and flowy. even so, this one is going back.",False,3,neutral,0.81377316,
78,"Was not flattering on my body - i have a fuller figure, and this just made me look like i was pregnant.",True,3,negative,0.71326184,
79,There is no possible bra to wear with this top. after one washing the neck felt funky. the pink color is very light. it's long enough for leggings. my shirt is a high hemline on one side than the other. i'll wear it but wish the neck wasn't so funky.,True,3,neutral,0.7058364,
80,This cardigan is very cute in the picture and i really wanted to love it but it just didn't seem worth the price. the material is kind of itchy to me and i wasn't a huge fan of the wide edges in the front. the colour is very nice and feminine.,False,3,neutral,0.63819903,
81,"This shirt arrived today, and i was surprised how short it is. not a tunic at all. i wonder if the lengths on these vary, and if i order it again, it would be a different length. i ordered my normal size, xs petite. i'm 5-2"", so this should have been a tunic on me. perhaps if i see this shirt in the store, i'll try on the regular length. i'm returning the petite!",False,3,neutral,0.50530434,
82,"I love the style and the look of this sweater. i wanted to love it and keep it but could not because the itchiness was too much. the style looks so comfortable and easy going, but it was not, it was clingy around the waist and backside. for reference, i am 5ft 4in and 128b and i ordered the small - the sleeves were too long on me, not ""cool"" long like some other sweaters this season.",True,3,neutral,0.69735134,
83,"This top is really cute online, but that's about it.  it runs large, but even if i sized down the ruffles were a bit much and the top was a little boxy surprisingly.",False,3,neutral,0.61419797,
84,"I love pilcros and tried everything to get these to work. one size down, two sizes down, no matter what, they just don't look right. the droopy look didn't work for me.",True,3,neutral,0.70841706,
85,"I had been eyeing this top for a while so i was so happy to see it go on sale! i was so excited that i went to my local retailer to try to purchase it right away. unfortunately this top did not fit me right. on the model it looks adorable, on me it was frumpy & ugly. the petite is sold out so i tried a regular medium (i'm usually in-between a medium & a large) & it fit me big & just didn't do anything to my figure. i agree with the other reviewers that the bow was too thin & flimsy & needed to be",False,3,neutral,0.6796387,
86,This t-shirt is uniquely designed and it fit well. unfortunately within an hour it shed all over. i had white fuz all over my arms and pants. i was very disappointed.,True,3,negative,0.66363394,
87,"This was my absolute favorite top before it transferred dye onto the driver's seat in my car. >:-( there is nothing in the language of the care tag which advises to wash before wearing because of the possibility of dye transfer to other surfaces. the care instructions say that is is washable with like colors and, in fact, recommends dry cleaning. really? and dry cleaning will remove all of that excess dye? don't think so. after i discovered the dye transfer on my car seat, i washed the top in a",False,3,neutral,0.38556513,
88,"First, let me start out by giving a reference. i am 5'1"", 138lbs, 34dd, 30, 38. i usually take a size 8 in maeve, esp if there is no give. i bought a regular size 6. 

first the good: the design. it is classy. it will keep boobies (the ones of the larger side) in place. this is amazing as there isnt really a way to wear a bra with with dress. it is slimming and i have hips. 

the bad: surprisingly, the fabric gets dirty super easy. i have no idea why everything clings to it. i got my dress f",False,3,neutral,0.53164077,
89,"Ok so this top is as cute in person as it is online. runs very small as theres no stretch or give in fabric. i normally wear 12 and i couldnt even halfway get this on lol. i may consider a 14-16 but the stores didnt have this yet to try on. the ladies at the counter were crushing on this top though!
if you can find your fit this top is great for layering!",False,3,neutral,0.7680229,
90,"I'm 5'8"" and 130 and this made me look huge. it was a small but too billowy. it is pretty, nice fabric and well made but i returned.",False,3,neutral,0.5294025,
91,"Love this, but the one thing that made me buy this is that if you look at the pic, the girl has her hand in a pocket - there is no pocket!!! which makes me bring the rating down - some one else had noted that the v is deep - they are very right - be prepared to shift the shirt lots unless you wear something under....... it is- other than that i really like it",False,3,positive,0.94863963,
92,"I actually love this dress.  the colors on the dark gray are mesmerizing.  the design of the placket adds a special touch to the look.  my issue is the way it looks on my body--not flattering.  i already have a squarish apple (squarple?!) body and the cut emphasizes this more.  i was hoping the fabric would hang on me the same way the ivory dress on the curly haired model does, so i sized up.  all this did was make me look wider, especially at the shoulders.  the drawstring at the elastic makes",False,3,neutral,0.8034089,
93,"Its just ok. the bodice is fitted and this dress runs tts. it does have a little more poof on the skirt part of the dress than it looks on the model. at this point in my life when i buy a dress i have to say right away ""i love it"" and i just didn't. my husband looked and said it is just a ""blah"" color on me. so that maybe part of it. the fabric is nice, doesn't seem inexpensive and the lining is soft and falls nicely underneath the lace. i am 5'("" and the dress does fall exactly as it is shown o",True,3,positive,0.5999016,
94,"I tried this sweater on in the store. i love the design and was hoping it would look as good on me as it does on the model. first off i should point out that the navy color in the featured photo looks much lighter than the sweater does in person. some of the photos accurately represent how dark the blue is (it almost looks black) but the featured photo shows it more like a medium navy. secondly, anyone looking to purchase should know it is very warm. if you are buying to wear mostly indoors you",False,3,neutral,0.62827665,
95,The material looked much nicer in the online picture. also- there are pockets which added a bulk to it that was not flattering on me.,True,3,negative,0.6898081,
96,"I really like the look of these socks, and have become obsessed we over-the-knee socks for winter this year. they are very tick which is nice for keeping warm and for durability for a long lasting product. my only complaint is that they are very difficult to get over the knee. this can be a great thing, because they certainly do stay put-which is a huge problem with over-the-knee socks. however, by the end of the day i was pretty sure i was going to lose a leg from poor circulation.

i am still",False,3,positive,0.66560817,
97,"This top is for someone flat chested and skinny. i really like the styling, color, fabric and everything except that it's not for my body type. i am a 36dd and have a little bit of a stomach... so it makes me look fat from the sides.
the pictures taken on the model are from the front and back - but i will bet she would still look good in it from the sides! will be returning it.",False,3,neutral,0.7244728,
98,"Like a previous reviewer mentioned the jeans do not necessarily look like the one in the photo. i first ordered them in my regular size and also had to notice that they are cut like men's jeans with legs so skinny that i could only force them over my calves. the embroiding is beautiful, but it also stops the material from stretching, so the the super skinny legs are a real problem. also, they are not as intensely stone washed as shown in the picture. i decided to order them again one size bigger",False,3,neutral,0.64639,
99,I bought this in black. it's a great long length. i have long arms so the sleeve length is great. it's really soft. only issue is seems to sag a little in the middle instead of being flowy. overall a good tunic.,False,3,positive,0.99112636,
100,"I really was looking forward to this piece but unfortunately it was too small to even pass through my head nevertheless i couldn't even get both arms in. i got a size small and probably needed a large; but as far as the quality and color, it's really pretty! just go up a size or two if anything and try it out.",False,3,positive,0.49811605,
101,"I couldn't wait to get this dress from the online order. the fabric looked so interesting to me - linen, appliquã©, pockets, raw neckline. the dress looks sort of straight up and down on the model but in my opinion it's like a little a line tent. the top runs very narrow and i could barely get it over my head. i'm going to return it and try for a medium, for reference i am 5'4""  135 and usually wear a six or a small.",False,3,neutral,0.7388296,
102,"I had been eyeing this top for weeks. it's look so beautiful on the model, however, not great on me. material is fab. the tee is way shorter than it appears online and there is too much flutter material.",False,3,neutral,0.7942604,
103,"Wow was this top huge on me! i am usually a large, but lean towards xl when things don't have stretch. i sized up out of fear that my bust couldn't squeeze into a large (36dd) and i didn't want the buttons in the back to gape. when i took this out of the package (i purchased the blue) i knew right away it was way too big. looked like it could fit my husband. the sides poofed out so far, i looked ridiculous (if you look at the photos, the model is trying very hard to control the poofiness with he",False,3,neutral,0.47840393,
104,"I usually wear an 8, which wasn't available, and sized up to the 10 which fit just fine as there is no stretch and it's a set-in waist band. the fabric is pretty, the skirt is fully lined, the length is not too short, and the only thing i don't like is the big bronzey toothed zipper - it looks ok on the beige version, but on the black it stands out.

it's perfect for summer but i could also see wearing the black version during holidays.",True,3,positive,0.99375534,
105,"For my body type, this top looked ridiculous! i am small-busted and thinnish on top. this seemingly very pretty top look like a big rectangle on me. very unflattering. hard to tell if it was true-to-size because it hung so wide. i think for a gal with more substantial upper body (i.e., boobs) this would work better.",False,3,negative,0.87609303,
106,"I was so excited to try this on--but this was a big nope for me unfortunately. i ordered both an xs and s (i normally wear a s), both hung horribly on me, they were just too big. i love a boxy, oversized silhouette but this sadly didn't flatter me in the least.",False,3,neutral,0.68481886,
107,"Just got this in the mail yesterday and i want so badly to love it but it's just a little too big and boxy. i'm 5'5"", 125lbs and ordered a small but i really wish i'd ordered the xs. not sure if i'll exchange or just return. seems high quality and the pattern is gorgeous. it's basically exactly what i'm looking for until i actually put it on and then it just kind of looks like i'm wearing my grandpa's old sweater.",False,3,neutral,0.7599197,
108,"These are so cute and the colors are great, however, they stretch out about 2 sizes. they fit me perfectly and i sized down and they stretched out about a size 1/2 to 2 sizes too big. i'm bummed out because they are perfect in every other way. didn't think they would stretch out as much as they did. and they look awful once
they've stretched out. wish i didn't take the tags off or i would have returned them. size down at
least one size, i could have sized down two sizes. hoping they shrink lik",False,3,neutral,0.51357263,
109,"I found both colors and jumped on this shirt. then i got it home and realized that it was pretty much useless. there is no way to put a sweater or jacket over it, it is too hot to wear in the summer, putting a tee under ruins the look.
i am very flat chested so it hung well, but there is lots of shirt. both went back in exchange for two wearable items.",False,3,neutral,0.5584836,
110,I was very excited about this dress but when it came i saw it had too much going on. it either needs the ruffle taken away ( my first choice) or the halter part taken away. in the end i think it needs to go back.,False,3,neutral,0.6719272,
111,I'm normally a 10/12 and ordered the m/l. the body was a little big but ok. the arms are really wide. there are snaps to make them tighter but it doesn't do much. i do like the embroidery. it's an ok jacket but the fit could have been better.,False,3,neutral,0.6584216,
112,"Really liked this dress, but it ran too big for me.",False,3,neutral,0.69553727,
113,"5'7"", 34c, 28 jeans, size 4 dress. fell in love with the pattern in particular, knowing the design might not work best for my body. ordered the size small - it was not unflattering - but it did nothing for my body type. if anything, the excess fabric made me appear wider and made my waist non-existent. the trouble was that the skirt portion has the elastic band starting high - approximately right under your chest - almost like an empire waist (this is hidden by the flap of material hanging over",False,3,negative,0.5461355,
114,I wanted to love this sweater but the fit is off slightly. i ordered my regular size xs and the chest/shoulder area fits nice but the waist comes very tight and not flattering to wear unless style similar to the model with a tucked in look. nice color and decent quality fabric but not my favorite fit. going back to the store.,False,3,negative,0.5411892,
115,Loved the pattern and colors of this dress. the material was extremely heavy. the shoulders and across the back was very small so that i couldn't lift my arms or put them out straight in front of me. but then the rest of the dress was huge and shapeless. sadly i had to return it.,True,3,negative,0.47039095,
116,"I absolutely love the look and fit of these jeans. i did have to size down. i ran into problems after washing. the fraying on one leg was twice that of the other, looking very unbalanced. after looking closely i found that one leg had a top stitching very close to the fray to prevent further fraying. the other leg did not have this stitching, thus the fraying double in size. i have sent a request to customer service for a replacement pair. these are adorable jeans just be sure to check for stitc",False,3,positive,0.7149909,
117,"The shorts are very cute, very nice quality and intricate detailing! the sizing is tight in waist and very big in legs not flattering at all. i'm 5'1"", 115 lbs. they are going back.",False,3,negative,0.6134639,
118,"So i haven't actually tried this and i'm sorry for the misleading star rating. i just wanted to get someone's attention on the length. the photos show the dress draping with almost a train even with the model in platform heels but in the video, the dress is about 2 inches off the floor. is it the model in the video that is extra tall? someone help me out. this looks gorgeous but since it's an online exclusive, i won't be able to try it on at the store.",False,3,neutral,0.5087492,
119,"Slouchy relaxed fit. well sewn together and hangs well on the body. bottom hem hits upper thigh. good length and soft, easy fabric. light layering option as well. good spring jacket, can be kept on indoors without getting too hot.",False,3,positive,0.9801917,
120,"I received these as a christmas gift. they are really cozy: warm, soft and super comfortable. however, they stretch out a lot, as there is no drawstring or elastic on the waist band. this leads them to poof out a lot and i have to keep pulling them up. this is fine for hanging out around the house, but not if you want to wear them out and about. i'm keeping them because they're so comfortable, but beware how much they stretch. (i am 5'6"", 130 lbs and the size small fits well).",False,3,positive,0.55787617,
121,"I tried this on in my usual size and it was tight through the chest because of the lining. i would have preferred to wear a cami beneath and then it may have worked. the color and pattern are gorgeous, the fabric feels a bit weird, kind of dry and rough? would have liked to see this in a longer length, and more tapered. it is an absolute pregnant top. so sad its so pretty!",False,3,neutral,0.70355237,
122,"Saw this on the mannequin and tried it on just for kicks:
________
pros:
- breathable fabric, all cotton, with a lovely color.
________
cons:
- runs large, which is the style of the top anyhow. however, i was swimming in the medium (and i normally fit in size 10/12 or m/l tops with retailer stuff. you can easily size down and have plenty of room left. but if you like it really baggy, then stick with your normal size. for reference, i'm a 36c and hourglass and had ample room in a medium.
- s",True,3,neutral,0.503701,
123,This runs a little big and falls off the shoulders a bit. i didn't like it as much as i had hoped.,False,3,neutral,0.7682934,
124,"I love natural colors and nature themes but this top was a disappointment. i ordered both the small and the xs because retailer can run very large. the small was too big and the xs did not hang correctly, the arms hit at a weird spot and the neckline wouldn't sit right. overall the fit was boxy and unflattering. the fabric is pretty but the style is well....boring. there was just no wow factor for me. i think the fabric deserved a much better design. imho i think this top might be better suited fo",True,3,negative,0.7823849,
125,"I went on a wild goose chase for these jeans, as they were sold out all around the country. i finally got the last pair from some store in the midwest! they are my favorite pair of jeans, they fit very well. however, for the price, they should not get loose and baggy after 1-2 wears. i hate that they need to be washed and dried so often so that they will fit properly. expensive jeans should not sag. i have abercrombie jeggings for a fraction of the price that never get loose, even after 20 wears",True,3,neutral,0.6185798,
126,"I was looking for a basic tee, but this one was just ok...the quality is okay, but it us not as soft as i would have liked. unfortunately,  i will be returning this item.",False,3,neutral,0.55560434,
127,"This sweater has potential, but it wasn't right for me. the collar isn't flattering on me...too thick, and my shoulders are already broad. my waist is high, so i need a longer look. the color is true to size, but it's s little see through...dark bra shows through.",False,3,neutral,0.7425712,
128,"Like the idea of this shirt so much. but the neckline was still way too low- the top of my bra was visible. wishing the under layer really covered as no way i'm going to another layer to an already layered shirt. might just be my body type, so might work for someone else, but sending back.",True,3,neutral,0.6110934,
129,"While there is nothing wrong with this top, it didn't really have an retailer feel. it looked more like something from a dept store, maybe a boutique. i got on sale but sending back bc i just don't like it that much, especially next to my pale skin. i could see it looking much better in someone with darker skin tone. i'm usually a 8/10 med. small in this top fit well.",False,3,neutral,0.7980706,
130,"Tried this dress on today in the store. i am a size 10, sometimes a size 8. the size 12 was the first size i tried that zipped all the way up. however it was still very tight around my stomach and bust. and then from having to size up, it flared out too much at the bottom for my liking",False,3,neutral,0.74078596,
131,"I am very into the lace tops! purchased this but it's a very exaggerated swing top and on someone who is 5'3, it feels almost like a tunic. lots of extra material in the back. love the look and if you're tall enough, it should work for you!",False,3,neutral,0.7656739,
132,"This dress is pretty, but there were a few things i disliked.

the overdress is fairly shapeless; however, the slip is fitted and well above the knee. since the overdress is sheer, the shortness of the slip is visible the fabric of the overdress felt rough on my skin. i did like the contrast of textures between the overdress, the slip, and the lace. finally, as other reviewers have shared, the buttons are not functional, and the v-neck of the overdress is deep. 

i recommend trying the dress",True,3,neutral,0.7894458,
133,"Bought these for the color however these just did not work for me. the 26 was too small and the 27 was baggy. i'm 5'3 and typically wear a 26. beautiful color and good denim. if you are looking for a looser fit, more of a straight leg fit...this is a good jean with a fun pop of color.",False,3,neutral,0.5815179,
134,"Given the price, i was pretty disappointed by the quality of the fabric. the dress falls nicely and fits well, but the fabric is cheap... i have another maxi dress that i bought for like 20 bucks at store on the boardwalk and it has the same fit and fabric. 
 
i expect a lot more from a dress with this price. i'd recommend only buying on super-sale.",False,3,neutral,0.5023052,
135,"I really wanted to recommend this sweater but honestly can't now. i was attracted to the softness, simplicity and sale price but its longevity ruined it. wrinkles, pills and loses shape quickly. if you still want to get it, consider your shoulders and how knits like this fit on you. this sweater runs tts to large depending on your shoulders and bust size. the styling is excellent--very versatile. but the yarn is too delicate and fussy.",True,3,neutral,0.65243423,
136,"As other reviewers have noted, the fit of this tee is very boxy.  it looks okay tucked-in to high waisted jeans, but otherwise is unflattering.  also, the color is described as black, but mine looks like a navy blue in person.  i kept the shirt because i live overseas and returning it would have been difficult, but if able to, i would have returned it.",False,3,negative,0.50150734,
137,It does run a little small. my regular 2 fit but snug. the colors were drab and the material felt like straw. the lining is really silky and nice. just didn't work for me .,True,3,neutral,0.82751966,
138,"So the dress is interesting. has an asymmetrical wrap look, short, sexy length (i'm 5'3"" and the petite barely covers my assets), and a neckline that implies sexy without actually displaying the girls- it crosses over and stays closed, but looks sexy and plunging. but the shoulders are what make it look matronly. they're wide- from neck out to the outer edge of my shoulder/upper arm. they show no shoulder at all, which is really an odd design when the rest of the dress is sexy-ish. i looked back",False,3,neutral,0.61194223,
139,"I ordered the stress in an xl. i usually wear a size 12 in most retailer clothes. the pattern and the flow of the dress is very beautiful but it runs extremely small. also, i felt that i was choking. it is better suited for thin women.",False,3,neutral,0.72019935,
140,"The fabric is flimsy and not substantial. i thought it ran a little small. i usually wear a large in this style, but it was too tight.",False,3,neutral,0.7104927,
141,"Like the other reviewers, i agree that this sweater is waaaay shorter than it looks on the model. i think she's wearing a large size and it's probably cinched in the back. still cute, though! i'm 5'9"" 145 and a medium fits well -- looks cute with high-waisted jeans (which i wear anyway).",False,3,positive,0.6735052,
142,"It's a pretty top with a lot of intricate detail and love the edge the studs give it but it looks fuddy duddy in ivory. looks nicer in black but you loose some of the detail in the dark color. the lace is not soft either but has more of a polyester, slightly scratchy feel. sizing is true to size and it fits well if the style floats your boat.",False,3,neutral,0.67162305,
143,The quality and color is great on this top.  the neckline just seemed a be pulled a little too tight on the one side of my neck to be a true off-the -shoulder look.  and to wear it as a cowl neck (or actually looks like a boat neck) just makes it too ordinary- since i love the off the shoulder look.  it fit me everywhere else and the slim waistline of this top is super flattering- so i think my size was right.  the cut of the neckline just needed to be more more definitive one way or the other.,True,3,positive,0.8155332,
144,"I am 5' 7"" with an athletic build (small chest, small waist, muscular hips/thighs). this shirt just hangs on me and makes me look much larger than i am. i purchased a small, an extra small would be way too short. i could see how it works for fuller figured girls.",False,3,neutral,0.7116189,
145,These looked super cute online and i was excited about getting them. i wanted that slightly baggy look to be able to carry them off similar to the model. so i referred to the size chart and ordered the size that said it would allow this. based on the size chart for this item...it is wrong. i should have had extra room. instead they were tight around the hips. i measured my hips before ordering and i am a seamstress....so i know where and what to measure. this is a nice quality product though...j,False,3,neutral,0.6346318,
146,"Looks nice and
i did like the button detail on the collar. colors are nove and the feel is soft. i would probably have to get a petite smaller size.",False,3,positive,0.9666842,
147,"I was very excited to try out this dress. i've been looking for a velvet dress for a couple of years now, and.. i'm not digging this one. the fabric itself was a let down right off the bat. it's cheap looking to me. i've seen nice velvet and this is very shiny, thin, and slightly sheer! the dress cut itself is what i was expecting, a loose baby doll type dress. the length hit above my knees. the overall effect made me feel very ""gypsy-ish""...my husband gave a firm no! when he saw me walk out of",False,3,neutral,0.49037296,
148,"I loved this dress and tried on the xs in the store and then ordered the petite. i thought if i ordered the petite it would not be as baggy. it is just way to boxy/baggy for someone my height and weight. however i would recommend to someone taller because the velvet is great quality and it would have been an amazing dress to have for fall and also for winter. for reference i am 5'0"" and weight 113 pounds.",True,3,neutral,0.54865485,
149,"This was the dress i was most excited about in the new arrivals, but sadly it didn't live up to expectations. unlike the first two product photos, the dress is baggy and empire waisted, and the black trim is the thin one shown in the last two product photos. the dress is slip on with no zipper or tie, and on me there were about 4+ inches to spare at the waist. all in all it felt sloppy, such a shame as i would have loved the original design online.

anyhow, i wanted to share photos of the real",False,3,negative,0.82675105,
150,"I received this shirt in my typical xs and it fits perfectly. i?m not crazy in love with it but i also don?t dislike. the shirt is on the thin side. do i need to wear a cami underneath it, no. my concern is holes. it does remind me of a material that could develop some holes after some wear and washes. with that being said i?ll wash this shirt in cold water and hang dry and hopefully that will prevent holes from developing. the length is fine and i do like the slits in front?it adds a little dim",True,3,positive,0.70367044,
151,"The other reviewers are right, this runs huge. why have a number of cute tops been running so large lately?! i'm 5'1 and 100 lbs and was drowning in the xxs petite. it also almost reached my knees. i thought it'd be a cute little tunic to wear in the fall but it just looks ridiculous because of how large it is and how there's no taper or shape. maybe even order 2 sizes down. the quality is pretty good if you can make the sizing work for you.",False,3,negative,0.65335745,
152,Perfect summer pants until i wanted to pet my dog and they ripped first time wearing them.,True,3,neutral,0.48394078,
153,"This gorgeous &amp;amp;amp; beautiful dress is hampered by a see-through unlined bodice and all viscose/polyester fabrication.  by the way, did you see the price tag?  at least the skirt is lined.  if you have deep pockets and don't mind the slightly rough fabric, go for it.  and wear a nice bra.  size up if you're busty.",False,3,neutral,0.7116796,
154,"I am a petite size 10 and 5&#39;1&quot;     i love the fabric and style of the dress, but found it to be too much dress for me.  the skirt is very full and with the top i feel it would look better on a thin, taller person.",False,3,neutral,0.71678454,
155,I wanted this top to fit. i ordered a large and was swimming in it. i returned it to the store where they had it in all sizes. i tried on a medium and it was still too big and then a small that fit but i just did not love it. i did not have trouble with it being cut too low. i think it might look best on someone who is straight up and down and not hourglass since it blouses over the waist. this print is soooo pretty!!,False,3,positive,0.65645754,
156,"I really wanted to love this top. i got it in xs in peach. the color is beautiful. i wish they had this exact same color in the boardwalk stroll top. the v neck was way too low and i don't want to have to wear a tank underneath. i would be willing to try an xxs but it's been sold out for awhile now and looks like it's not coming back. if the size were smaller, v neck higher up, and the top portion of the dress more fitted, it would be the perfect tee!",False,3,neutral,0.5784804,
157,"The shirt design is very nice, but it fits very loose. it will not look good if you are heavier as this shirt will make you look wider because of the baggy fit. the sleeves though are fitted and feel a little tight. the material of the sleeves also is very itchy and feels like some wool material.",False,3,neutral,0.6707994,
158,This shirt is such a pretty color i was so excited to get it... however i felt like the fit was not flattering. it sort of just hung on me. didn't do much for me. i actually ended up returning it.,True,3,neutral,0.7185851,
159,"I wanted to love this top so badly. between the beautiful photos and the good reviews, i didn't think i could go wrong with it. unfortunately, it just didn't look great on. the bust area sagged on my smaller chest, and then the top flared way out from the waist down. it doesn't lay even remotely flat like the photos would have you believe. maybe this would look better on hourglass or slim types. the quality does appear to be good -- the material is weighty and soft.",False,3,neutral,0.6581341,
160,Bought in white. it has a ribbed detail that makes ir only for casual wear.  the white is pretty sheer. will return.,False,3,negative,0.49847627,
161,"I loved these pants.they are so comfortable. however, after just wearing them twice, the threads of the leaves are fraying, and leaving lint on whatever i sit on. the leaves at the seat of the pants are now slowly disappearing. this after wearing twice to work! i imagine after a few more wears that the leaves at the seat of the pants will be close to gone, or at least much less ""white"" with threads then the rest of the places. this is super unfortunate and will be returning. too bad, they were l",False,3,negative,0.801214,
162,"Agree with other reviewers: this runs narrow in the skirt. the top is also quite low-cut, and it's already lined so i can't see wearing a cami or slip. i like the black-and-white print and the shape, and might have tried a size larger in the store. finally, it's an awkward, unflattering length. i'm 5'4"" and it hit below my knee.",False,3,neutral,0.692334,
163,"This dress is not what i expected. the bottom half is wool-like material-looks like someone has worn it. the top snags easily so you must be careful when wearing jewelry. when i received the dress i noticed there were two small holes under the arms. i wouldn't of paid full price but for the amount, i sewed up the holes and packed it away for winter.",False,3,negative,0.8319836,
164,"First, the good: i like the basic shape of the jacket, with its crisply cut lapels
and rounded corners at the bottom...the functional pockets (including the
cool watch pocket), the size of the buttons, the color. i got the honey,
and it was lovely and intense,. now, the bad:
i got the regular 8. the jacket is at least an inch too short. although it's
a small, tight 8, the sleeves are strikingly too long. they would have to
be folded, and the lining which would show is not that attractive.",True,3,negative,0.6272287,
165,I ordered this pants in white and black. i read the reviews and weren't that bad. i am 5'6 and 125 lbs. i got them in size small. they are way too big. the small size seems to be xl and they are way too long for someone who is maybe 5'8 or 5'9. i have to returned them. quality is ok looking on my opinion.,True,3,neutral,0.70391494,
166,"I really like the color of this and the feel, but that is where it ends. it does not come with the gorgeous flattering belt that it is pictured with, and is cut without shape so it does not fit to your body and show off any glorious womanly curves. i could purchase the belt with it, but i don't prefer to purchase products that cannot stand on their own.",False,3,neutral,0.64007,
167,"Great fabric but unfortunately it did not look good on me. maybe on a tall person, i'm only 5'4"". really wanted to like this...",False,3,neutral,0.6894952,
168,"I love the shape at the neck but the lack of shape really distracted me from loving this top. the fabric is nice but the big, boxy shape on the bottom doesn't do much for you. i agree with the other reviewers tha this top would be great as a maternity top because it really is cute if you have a baby bump. returning the top.",False,3,neutral,0.6968678,
169,"This shirt is cute. i like the pleated neck as it makes the top feminine, while still casual. it is made of very soft fabric and drapes nicely. the only issue is that the seam/pleat that runs down the middle is off center. i think the fabric was cut incorrectly so the seam twists to one side after i have it on for a few minutes and move around. i keep having to twist it straight which is very annoying.",False,3,neutral,0.56388426,
170,"This shirt had everything going for it - the cut, the length, the fun texture, but when i stepped into the light it was totally see through. i don't want to have to wear another shirt underneath. this one is going back. definitely not a swing, but still cute.",False,3,neutral,0.6208505,
171,"After reading the reviews i decided to give this a try, but it just didn't work on me. i'm 5'8, smaller on top, and usually wear m in retailer sizes. this was ok in the shoulder and arm area but a little too snug for me in the hips. also, the diagonal striping made my boobs disappear and the pattern at the bottom emphasized my tummy and rear. not exactly the look i was going for. back it goes.",True,3,neutral,0.8056467,
172,"I ordered this item when it was first advertised, fell in love with the unique pattern in the top and could hardly wait for it to get here. however when i received the top i was very disappointed, the fabric is cheap, the sleeves are tight and the overall product is of poor quality and poorly constructed. needless to say i returned it.",False,3,negative,0.8863922,
173,"I ordered 2 sizes to try for in store pickup. both were too large, so size down (i am 5'4"", 125 lbs and the s was too large in the neck and body, even though i generally wear things large). also, the collar was a hemmed flat collar, not the roll collar depicted. i reviewed that with the salesperson as well -- we were both at a loss to explain why, and the tiger embellishments were more orange, yellow and glittery on the ones i ordered.",False,3,neutral,0.61163247,
174,I ordered 2 dressed in 2 different sizes. neither fit... both were very tight... runs very small.,False,3,neutral,0.5693675,
175,Very pretty and has potential. only down side - i thought it was more like a cardigan with sleeves but it's really more of a shawl and the photos and descriptions are misleading,True,3,neutral,0.516147,
176,"I have been wanting this sweater and decided to order. when i received it, there was no tag on the product. it was not in a typical clear bag from retailer and it wasn't packaged nicely. it came from reno, nv. most products i order do not get shipped from there. it is short, and i'm 5'1"". most clothes that are short fit me with no problem. this sweater might hit me at the waist, or maybe shorter. i think the color is nice and the sweater is soft but not what i wanted. i am going to return it",False,3,neutral,0.71468437,
177,"I loved this shirt online and ordered it in blue immediately even though i usually hesitate to spend over $100 on casual blouses. unfortunately, i was super disappointed when it arrived. the lace does not contrast as much as shown in these pictures and it just doesn't look all that special. having said that, it is super comfy and soft and the sizing is generous - it may run big on you if you have a small chest. all in all, i would buy it on sale but certainly not worth the price tag!",False,3,neutral,0.6885519,
178,"I purchased these in a 26 petite and a 26 regular. the 26r was too long and bunched up terribly pass the knee. they were also loose in the waist and overall body. the 26p fit great in the waist and body, however; past the knee it was too tight and again it bunched but not as bad as the 26 reg. the overall quality of the jean seems fairly good. the fit just did not work for me so these go back and the hunt continues for white jeans. would love it if they made the hyphen jeans in white.",True,3,neutral,0.740961,
179,"The dress at first glance is pretty, feminine, and a timeless shape. sadly the quality just isn't there.  i ordered online and was excited trying it on (dress fit true to size for me, all be it a little snug in the chest).  the zipper is super cheap, hard to get up or down on or off the hanger.  the appliquã©s are sewn onto a super flimsy netting, already coming detached without even having worn it.  i could see this dress catching on ""everything"" and tearing easily.  given the quality i'm return",False,3,negative,0.52070475,
180,I ordered my normal size 6 in this dress and could barely get it on. it runs very small. i would suggest going up a size or maybe even two sizes up.,False,3,negative,0.68989736,
181,"Bought this in the white. i found it to run narrow in the shoulders and tight in the biceps. i typically vacillate between a m and l, and because of the two aforementioned factors i went with the large, which means overall the shirt is very billowy on me in the chest area and hangs very long.
----------
the fabric is soft, and the weight of this shirt is season-less; always a plus. it is not sheer by any means, but if you have a tattoo (like i do) you will be able to see it.
---------
quality is",False,3,neutral,0.72388124,
182,"I have mixed feelings on these. i ordered the honey which is a mustard color as shown in the picture. they are true to size, cute, and comfortable. i washed them the first time with a load of darks and the color ran onto other clothes. plus the pants looked a little streaked in some areas. i'm not sure if this was a bad lot, but back to the store they went.",False,3,neutral,0.6476034,
183,Beautiful pattern and shape! however i had to send it back! it is extremely see through and ran very small! i even sized up and it still pulled in the bust area! maybe someone with a smaller bust might fit them better!,True,3,neutral,0.7255715,
184,"Comfortable, stretchy fabric. i ordered the xs and will probably take the sides in at least a couple of inches for a snugger fit...the fit is looser than it looks on the model.",False,3,neutral,0.49492374,
185,"I am on the fence about this top. i like the color but i'm not sure what to make of the style. the top part of it, around the chest and straps is lovely and flattering, but the bottom flairs out way more than i like. the back is longer than the front and it's almost a pregnancy top in how much it flairs. it's also quite thin and flimsy material given how expensive it is, even with the tag sale. the color, pattern and the chest part of the top is nice enough that i may keep this one, but, as i sa",False,3,neutral,0.7848317,
186,"Great item. ordered for my wife for christmas. received it and the medium petite waist size measured at approximately 26"" (so it is at least 2"" off the standard--and a thick material needs a bit more room to fit well). disappointed! replaced with next size up...we'll see!",False,3,neutral,0.5974478,
187,"Loved the print/pattern and the light grey.....i think it might have been better if reversed (it has a v in the back, and the front neckline was very intrusive and scratchy to me). i'm normally a small but got this in a medium and it was very short on me. wish it could have worked but returning it.",True,3,neutral,0.6521496,
188,"I bought the s; came with a tag saying ""sz 8"". it is in fact more like a size 2, if not 0. 

the bust is probably a 34 a or b, or 32a or b - the cups fit me relatively well, but the rest was so tight that i could barely manage to put put it in. i can't imagine wrestling with this bathing suit each time i want to wear it, so i will return it. 

the fabric, design is as spectacular as it looks though... very good quality.",False,3,neutral,0.68330985,
189,"Wow. this didn't work for me. loved the red color and drape and subtle shine of the fabric. but it fit like a sack. and you could see deeply into the armpits from the side revealing my bra and more. way too long. i looked silly. maybe it was the size. i'm 5'3"" and ordered the large. this was my first retailer dress order but i'm not giving up. maybe the petite would have been a better fit. don't think i'll try again with this one, however.",False,3,negative,0.584627,
190,"I ordered the red color way, and the bird print is very cute. that said, it is cut a-line and not like a regular button down. through i found it tts and good quality, it was shorter than i would have liked. this exaggerated the a-line shape. i didn't completely dislike it, but i didn't love it either.",False,3,neutral,0.76215494,
191,This is quite large for akemi & kin i typically wear a medium but will be returning for a smaller size.print and flow of top are stunning.,False,3,positive,0.807185,
192,"Very cute dress, just way too big. i ordered it online, wish i would have gone a size smaller.",False,3,neutral,0.7394156,
193,"I didn't plan to wear this off shoulder. sadly the neck is too loose and big if worn on shoulder. the fabric is nice. i liked the vintage looking design that's black with purple flowers. the body has a lot of fabric and although i ordered size large, i would size down to a medium if i were to reorder. don't think i will, though.",False,3,neutral,0.7922094,
194,"This dress is the perfect combination of bohemian chic. however, the slip below the dress runs a tad bit small. i have a wide rib cage and normally wear between a 04-06. the dress would have been just perfect if the slip was a bit larger.",False,3,positive,0.5324036,
195,"I found the color to be a bit blah, and the sweater is chunky and is a tad too short for wear it lands. also, because of its ""chunkiness,"" it doesn't tuck in as nicely to a pair of jeans as it appears to on the model.",False,3,neutral,0.7950811,
196,"I don't have the right body to pull this off. too many awkward styling issues (length, slits, tie, stitch quality) so this will have to go back. maybe if i was taller and slimmer this would be good. alas, it isn't meant to be...",True,3,neutral,0.5470937,
197,"I ordered this dress in two sizes, pxs and ps. they both arrived in a timely manner but the pxs was snagged upon arrival. there were a few other reviewers that stated the dress snagged easily but i loved the classic look of this dress so i thought i would take the chance. unfortunately i had to take both back to the store because the potential for snagging the fabric was too high even considering the sale price. also, the dress comes with a cotton slip but the slip for the pxs was tiny while the",False,3,neutral,0.5701742,
198,"It was a hard decision, but i'm returning these. they're definitely pretty and well-made. they drape nicely. ultimately, they are too high-waisted and too billowy for most of my tops (which are mostly long and billowy). these trousers are too nice to wear with most of my fitted tanks. even a normal-length t-shirt, untucked, draped weirdly and came down too far on these high-waisted pants. i guess they're too ""formal"" for what i had in mind - pictured them more like a maxi skirt. if they were hal",True,3,neutral,0.7804777,
199,"The fit is a bit loose in the body (more than you can tell on the model) - more like a true swing style top. i feel the arms are a good fit, but i ordered one size up from my normal since i'm planning to wear this as a maternity top. arms are definitely a size smaller than the body. the ruffles at the bottom are a bit odd, but overall i still like it. the cutout notch at the collar is super cute! plus, the green color of this top is lovely and i love that it's made in the usa so i'll be keeping",False,3,positive,0.9894488,
