review_id,Review Text,score,comment
137,It does run a little small. my regular 2 fit but snug. the colors were drab and the material felt like straw. the lining is really silky and nice. just didn't work for me .,4,
56,"The fabric is so soft, but it was too roomy in the top and miid-section so it didn't flatter my body.",2,
115,Loved the pattern and colors of this dress. the material was extremely heavy. the shoulders and across the back was very small so that i couldn't lift my arms or put them out straight in front of me. but then the rest of the dress was huge and shapeless. sadly i had to return it.,2,
45,"This sweater was unflattering me, very boxy and did not fall on me like the model. soft fabric and looks nice off, however this one went back.",5,
171,"After reading the reviews i decided to give this a try, but it just didn't work on me. i'm 5'8, smaller on top, and usually wear m in retailer sizes. this was ok in the shoulder and arm area but a little too snug for me in the hips. also, the diagonal striping made my boobs disappear and the pattern at the bottom emphasized my tummy and rear. not exactly the look i was going for. back it goes.",1,
75,"I ordered this dress online in order to get a petite size and am very disappointed. as other reviewers have mentioned, the fabric overlay is very different in person than it appears in the online pictures. the dress is much more casual and looks cheaply made in person. 
as for sizing, i ordered the 2p based on other reviewers' comments about it running small. the 2p fit me fine, although it was very fitted in the chest and i am very small chested #32b#. i can definitely see that being an issue",2,
178,"I purchased these in a 26 petite and a 26 regular. the 26r was too long and bunched up terribly pass the knee. they were also loose in the waist and overall body. the 26p fit great in the waist and body, however; past the knee it was too tight and again it bunched but not as bad as the 26 reg. the overall quality of the jean seems fairly good. the fit just did not work for me so these go back and the hunt continues for white jeans. would love it if they made the hyphen jeans in white.",5,
9,"I'm a consistent size 6 (ordered a small) with a pretty athletic build (wide shoulders and strong arms) and this dress simply did not fit with those proportions. the sleeves and back were far too tight. additionally, the bow did not cover my bra strap, likely because it isn't made for someone my height. had to return.",2,
68,"I wanted to love this dress. i am not comfortable wearing dresses much above the knee and i liked the length and the way this looks on the model. however, in person this dress is cut like a sack. it is not tapered at all in the waist and there is just too much fabric when you cinch the belt, at least on me. it was oddly shapeless, even with the belt. it seemed a size too large. i ordered the xxsp. for reference i am 5'1"" and 107 lbs. i ordered the neutral dress and i really like the fabric and c",1,
79,There is no possible bra to wear with this top. after one washing the neck felt funky. the pink color is very light. it's long enough for leggings. my shirt is a high hemline on one side than the other. i'll wear it but wish the neck wasn't so funky.,1,
60,"This shirt fit really really big! i ordered an xl but think i could get away with a l, if not a medium. sadly, it's going back :( otherwise, it's high quality and a beautiful design.",5,
24,"This is an oversized tee with a somewhat flattering fit. material is very thin. i ordered white, which was completely see-through. not at all what i was expecting. might work better in a darker color, but i returned it since it was nothing special.",2,
69,"The arm slits are actually subtle, and don't gape open. the chiffon type pleats are lovely, but the cotton material they overlay appears cheap and isn't dressy enough for my work.",4,
128,"Like the idea of this shirt so much. but the neckline was still way too low- the top of my bra was visible. wishing the under layer really covered as no way i'm going to another layer to an already layered shirt. might just be my body type, so might work for someone else, but sending back.",4,
135,"I really wanted to recommend this sweater but honestly can't now. i was attracted to the softness, simplicity and sale price but its longevity ruined it. wrinkles, pills and loses shape quickly. if you still want to get it, consider your shoulders and how knits like this fit on you. this sweater runs tts to large depending on your shoulders and bust size. the styling is excellent--very versatile. but the yarn is too delicate and fussy.",1,
55,Beautiful sweater coat! love that is easy to pop on & head out. i did have to go to a seamstress and have the button moved as it was to large and boxy around my waist area.,8,
38,"Cute sweater, i really like the grey color. unfortunately, it was boxy and a little short on me. almost worth keeping, but even with a t-shirt underneath, i wanted to scratch my skin off. it's very itchy. mine is going back.",1,
152,Perfect summer pants until i wanted to pet my dog and they ripped first time wearing them.,7,
122,"Saw this on the mannequin and tried it on just for kicks:
________
pros:
- breathable fabric, all cotton, with a lovely color.
________
cons:
- runs large, which is the style of the top anyhow. however, i was swimming in the medium (and i normally fit in size 10/12 or m/l tops with retailer stuff. you can easily size down and have plenty of room left. but if you like it really baggy, then stick with your normal size. for reference, i'm a 36c and hourglass and had ample room in a medium.
- s",3,
165,I ordered this pants in white and black. i read the reviews and weren't that bad. i am 5'6 and 125 lbs. i got them in size small. they are way too big. the small size seems to be xl and they are way too long for someone who is maybe 5'8 or 5'9. i have to returned them. quality is ok looking on my opinion.,4,
95,The material looked much nicer in the online picture. also- there are pockets which added a bulk to it that was not flattering on me.,6,
196,"I don't have the right body to pull this off. too many awkward styling issues (length, slits, tie, stitch quality) so this will have to go back. maybe if i was taller and slimmer this would be good. alas, it isn't meant to be...",5,
150,"I received this shirt in my typical xs and it fits perfectly. i?m not crazy in love with it but i also don?t dislike. the shirt is on the thin side. do i need to wear a cami underneath it, no. my concern is holes. it does remind me of a material that could develop some holes after some wear and washes. with that being said i?ll wash this shirt in cold water and hang dry and hopefully that will prevent holes from developing. the length is fine and i do like the slits in front?it adds a little dim",3,
86,This t-shirt is uniquely designed and it fit well. unfortunately within an hour it shed all over. i had white fuz all over my arms and pants. i was very disappointed.,0,within a hour it shed so extreme bad
183,Beautiful pattern and shape! however i had to send it back! it is extremely see through and ran very small! i even sized up and it still pulled in the bust area! maybe someone with a smaller bust might fit them better!,,7
125,"I went on a wild goose chase for these jeans, as they were sold out all around the country. i finally got the last pair from some store in the midwest! they are my favorite pair of jeans, they fit very well. however, for the price, they should not get loose and baggy after 1-2 wears. i hate that they need to be washed and dried so often so that they will fit properly. expensive jeans should not sag. i have abercrombie jeggings for a fraction of the price that never get loose, even after 20 wears",,4
16,I love this dress but when i put it on i was aghast! the chest was tight and the body was voluminous!! added the pounds which no wants! best left to the waify girls.,,7
18,"I love the look of this dress but the length feels a little awkward which might be my height (5'4""). i'm thinking about having it altered, not sure if i will do that or return it. i love the colors and the back cut out, it may be a better length for taller individuals.",,7
30,"So, this is just the most lovely romper. beautifully made, flowey. very comfortable, until you have to take it off.
this is the review i posted on facebook. 
so, no man i know has ever ever ever experienced the abject terror, or maybe has not shared with me, that moment when you cannot get out of, because it has turned into a straight jacket, that otherwise cute romper. and again, maybe a man invented it!",,4
132,"This dress is pretty, but there were a few things i disliked.

the overdress is fairly shapeless; however, the slip is fitted and well above the knee. since the overdress is sheer, the shortness of the slip is visible the fabric of the overdress felt rough on my skin. i did like the contrast of textures between the overdress, the slip, and the lace. finally, as other reviewers have shared, the buttons are not functional, and the v-neck of the overdress is deep. 

i recommend trying the dress",,4
67,"These weren't what i expected, but i kind of really like them. they have a very high rise, and so they end up being high waisted. the fabric is stretchy so they are extremely comfortable. however, the fabric is very stretchy, and i'm not sure i can wear them to work. but they're a little fancy for the weekend. the color is more of a washed out coal than pure black. all things i can work with, but they are a little different than i imagined. they are quite long -- i'm 5'8 and will likely have to",,7
198,"It was a hard decision, but i'm returning these. they're definitely pretty and well-made. they drape nicely. ultimately, they are too high-waisted and too billowy for most of my tops (which are mostly long and billowy). these trousers are too nice to wear with most of my fitted tanks. even a normal-length t-shirt, untucked, draped weirdly and came down too far on these high-waisted pants. i guess they're too ""formal"" for what i had in mind - pictured them more like a maxi skirt. if they were hal",,4
66,"While this top is pretty, it's very unflattering. it just looks so boxy on me that it makes me look heavier. too bad, because i really wanted to like it.",,6
158,This shirt is such a pretty color i was so excited to get it... however i felt like the fit was not flattering. it sort of just hung on me. didn't do much for me. i actually ended up returning it.,,2
164,"First, the good: i like the basic shape of the jacket, with its crisply cut lapels
and rounded corners at the bottom...the functional pockets (including the
cool watch pocket), the size of the buttons, the color. i got the honey,
and it was lovely and intense,. now, the bad:
i got the regular 8. the jacket is at least an inch too short. although it's
a small, tight 8, the sleeves are strikingly too long. they would have to
be folded, and the lining which would show is not that attractive.",,9
187,"Loved the print/pattern and the light grey.....i think it might have been better if reversed (it has a v in the back, and the front neckline was very intrusive and scratchy to me). i'm normally a small but got this in a medium and it was very short on me. wish it could have worked but returning it.",,2
148,"I loved this dress and tried on the xs in the store and then ordered the petite. i thought if i ordered the petite it would not be as baggy. it is just way to boxy/baggy for someone my height and weight. however i would recommend to someone taller because the velvet is great quality and it would have been an amazing dress to have for fall and also for winter. for reference i am 5'0"" and weight 113 pounds.",,6
93,"Its just ok. the bodice is fitted and this dress runs tts. it does have a little more poof on the skirt part of the dress than it looks on the model. at this point in my life when i buy a dress i have to say right away ""i love it"" and i just didn't. my husband looked and said it is just a ""blah"" color on me. so that maybe part of it. the fabric is nice, doesn't seem inexpensive and the lining is soft and falls nicely underneath the lace. i am 5'("" and the dress does fall exactly as it is shown o",,3
15,It's a very pretty top. a little tight in front at the bust. i'm giving it 3 stars because the fabric is very flimsy and looks cheap.,,5
104,"I usually wear an 8, which wasn't available, and sized up to the 10 which fit just fine as there is no stretch and it's a set-in waist band. the fabric is pretty, the skirt is fully lined, the length is not too short, and the only thing i don't like is the big bronzey toothed zipper - it looks ok on the beige version, but on the black it stands out.

it's perfect for summer but i could also see wearing the black version during holidays.",,7
19,"I got this dress in the mail, and while i loved the concept of it, it really is too boxy. the tie is very superficial and does not really nip you in at the waist, it is more so for show. it is fully lined which was interesting, and to me, made the dress seem boxier. the quality is good, but i am an hourglass and this was completely unflattering. i would have had to size up to make it look like the model shot, but it would have still been a shapeless dress, just bigger. it does fit true to size,",,2
84,"I love pilcros and tried everything to get these to work. one size down, two sizes down, no matter what, they just don't look right. the droopy look didn't work for me.",,1
143,The quality and color is great on this top.  the neckline just seemed a be pulled a little too tight on the one side of my neck to be a true off-the -shoulder look.  and to wear it as a cowl neck (or actually looks like a boat neck) just makes it too ordinary- since i love the off the shoulder look.  it fit me everywhere else and the slim waistline of this top is super flattering- so i think my size was right.  the cut of the neckline just needed to be more more definitive one way or the other.,,7
78,"Was not flattering on my body - i have a fuller figure, and this just made me look like i was pregnant.",,1
29,Good structure and quality; a bit large and wish i had ordered something a bit brighter! (i ordered the white tee.),,0
76,"Love the fabric and it seemed warmed. but as other reviewers mentioned, the neckline was awkward.",,5
175,Very pretty and has potential. only down side - i thought it was more like a cardigan with sleeves but it's really more of a shawl and the photos and descriptions are misleading,,3
82,"I love the style and the look of this sweater. i wanted to love it and keep it but could not because the itchiness was too much. the style looks so comfortable and easy going, but it was not, it was clingy around the waist and backside. for reference, i am 5ft 4in and 128b and i ordered the small - the sleeves were too long on me, not ""cool"" long like some other sweaters this season.",,3
65,"I ordered this quite nice cardigan. i received the sweater promptly (yay fast shipping!) but never received the belt to it. i tried emailing about it, but didn't get a response. the sweater really is the softest thing ever but it will not close without the belt and trying to use a different belt just doesn't work. i hope to receive the belt soon, because i'd really like to wear this a lot this winter.",,7
124,"I love natural colors and nature themes but this top was a disappointment. i ordered both the small and the xs because retailer can run very large. the small was too big and the xs did not hang correctly, the arms hit at a weird spot and the neckline wouldn't sit right. overall the fit was boxy and unflattering. the fabric is pretty but the style is well....boring. there was just no wow factor for me. i think the fabric deserved a much better design. imho i think this top might be better suited fo",,5
